timestamp,visits,avg_session_duration,server_load,support_tickets,error_rate
18362,95.0,2.281850285013015,0.6039457101489069,1.670807522577232,10.0
18363,91.0,2.2578009893137305,0.6124564865122284,1.715409364563122,10.0
18364,89.0,2.234854115525863,0.5996692449566442,1.7488714227970668,11.0
18365,85.0,2.169699004647619,0.5895102758154351,,11.0
18366,82.0,2.2059691356209603,0.5722312968023181,1.7747094391950264,11.0
18367,81.0,2.206981182474699,0.5565733212294484,1.7569149335950047,11.0
18368,81.0,2.1867166349129827,0.539051870630976,1.719786714308623,11.0
18369,80.0,2.119296091035524,0.5229876098774805,1.7103828414449653,11.0
18370,79.0,2.0045606288965563,0.4946952645843484,1.6841122830411248,11.0
18371,80.0,1.9758697229189113,0.4843679379326362,1.6587892120398693,11.0
18372,82.0,1.9419237299400405,0.47454545553103616,1.622937727230909,11.0
18373,83.0,1.8391411021769577,0.4410785502249014,1.5964706390771988,11.0
18374,86.0,1.792583523374006,0.4037364915360822,1.5245633249942268,11.0
18375,86.0,1.857019939275921,0.39877139973042885,1.4497119893609065,11.0
18376,91.0,1.8929097213014838,0.40252612224057194,1.4055284768817804,11.0
18377,91.0,1.9415270375167364,0.4156991287809141,1.3749652035935909,11.0
18378,90.0,1.9033837652402452,0.42997902706100743,1.3223937012609412,11.0
18379,89.0,1.8384144855984124,0.42589836920518154,1.310072110586436,10.0
18380,94.0,1.8725253659862504,0.4245653059718831,1.3176034465721456,10.0
18381,96.0,1.8658098689517635,0.4449304357525747,1.2877406205188138,10.0
18382,98.0,1.8294651170973721,0.4565475432361267,1.299102315993069,10.0
18383,97.0,1.8462890627699393,0.4626906991619975,1.3287880608109754,10.0
18384,99.0,1.863505020795843,0.4547659285420731,1.3294336264013782,10.0
18385,98.0,1.8804856469575795,0.4636585343636412,1.3412393405564293,10.0
18386,99.0,1.9995042268097318,0.45229639064596205,1.3271221629840002,10.0
18387,99.0,2.007496041103637,0.48342124808647524,1.3300751241791127,10.0
18388,99.0,2.008525777313479,0.4954073589867891,1.3125152584977087,9.0
18389,102.0,2.069341495339307,0.49606302434304383,1.3510047623934875,9.0
18390,101.0,2.145792654802057,0.5279925261269228,1.4193426396311555,9.0
18391,100.0,2.0866497925466407,0.5374074014734536,1.4844582725924904,9.0
18392,99.0,2.105144643528339,0.5459504668843703,1.4860953722656887,9.0
18393,96.0,2.1264102632109383,0.5552262792363738,1.5224700755958993,9.0
18394,95.0,,0.5478390259166218,1.5251457745392805,9.0
18395,93.0,2.0451441975527103,0.5413111191416395,1.552305323775638,9.0
18396,92.0,2.0350557054362564,0.5388143663631155,1.559401477629015,9.0
18397,88.0,2.027415259359089,0.5303948932675603,1.5798697342856094,9.0
18398,84.0,1.9961498381102114,0.5219213344586823,1.6011018712447322,9.0
18399,82.0,1.9760998374303615,0.5080548445845923,1.6094164878545747,10.0
18400,81.0,1.9469185288497872,0.5054977045182771,1.5898978568256494,10.0
18401,74.0,1.8636984907524707,0.4916256380393258,1.569424918888782,10.0
18402,72.0,1.815763521713851,0.45859682790691775,1.5690447439476534,10.0
18403,70.0,1.873720652899528,0.40817259092526714,1.4903824280372882,10.0
18404,69.0,1.862325160543484,0.3754380353595551,1.4328719306365176,10.0
18405,69.0,1.728110395960647,0.34504720987241405,1.3575532325171098,10.0
18406,71.0,1.6972184415206442,0.3197586492612441,1.3034891155119324,10.0
18407,71.0,1.7274967680948876,0.28974534024876825,1.2263983013305533,10.0
18408,74.0,1.8140318715232493,0.26485991728906555,1.1390420450286,10.0
18409,80.0,1.8270702777918792,0.2675610479507688,,9.0
18410,83.0,1.8263781287832286,0.2576556399205295,1.007151508039964,9.0
18411,87.0,1.864146022281407,0.263731559269848,0.956366860950062,9.0
18412,90.0,1.8989683416652268,0.28673596068680546,0.929544638272912,8.0
18413,95.0,1.9262903894053345,0.2929954312006894,0.9050533354348277,7.0
18414,98.0,1.9322703154284095,0.32904991323222177,0.8853508530275435,7.0
18415,103.0,1.9670689306399671,0.35248019349308235,0.8961486196820324,
18416,107.0,1.9065123156403336,0.3989588580079859,0.9048619734446414,7.0
18417,108.0,1.9220856929514731,0.4258111949308317,0.9700341294298344,7.0
18418,107.0,1.904283723338605,0.4538543750803131,1.0568708872871504,7.0
18419,110.0,1.8912362671064724,0.4667043071803072,1.0692450197253605,
18420,107.0,1.8867738682700421,0.4978015386794878,1.1171675019818155,7.0
18421,102.0,1.981887696709365,0.5049442026788198,1.195812237832514,7.0
18422,99.0,1.9750177235613726,0.5097990943955902,1.2472236669490495,7.0
18423,96.0,1.988110008665541,0.508727436170297,1.2972442510347766,7.0
18424,95.0,1.9632615854874422,0.5243851754721318,1.3124307758995484,8.0
18425,84.0,1.8891037312226246,0.5326620481300338,1.3625114529815623,8.0
18426,77.0,1.9413615367455355,0.5054799241490726,1.4200273966983399,8.0
18427,74.0,1.9211031120834108,0.4762989555880682,1.45473512753144,8.0
18428,69.0,1.890492554287854,0.4452905945005611,1.470768256068934,9.0
18429,68.0,1.882610260867174,0.4040144498935988,1.4359555199784297,9.0
18430,63.0,1.849584933710581,0.36694159182224667,1.4059890778339923,9.0
18431,62.0,1.7698661954115673,0.339530601688029,1.3700240524700649,9.0
18432,61.0,1.790625689526345,0.3035443611627678,1.2726143803898284,9.0
18433,58.0,1.8371714588747001,0.26660333534528663,1.22577262690126,9.0
18434,59.0,1.796684749723662,0.22607877804290566,1.1332891494346584,9.0
18435,61.0,1.6582826544901421,0.1845251879026321,1.0363005931747902,9.0
18436,66.0,1.5722721937049848,0.15849767979688945,0.9675284435785623,9.0
18437,69.0,1.5490083298805029,0.13387439215705818,0.8918779189356284,8.0
18438,75.0,1.5841394001814018,0.11403028877624877,0.8144983805884328,8.0
18439,80.0,1.5661483018976032,0.1045429151645978,0.7093976545707952,8.0
18440,83.0,1.5933765903974288,0.11453734106908332,0.6123847019835681,7.0
18441,88.0,1.6262692048716423,0.13773909218912583,0.5268736830875191,6.0
18442,94.0,1.6485800383062714,0.16895868867036098,0.4908666307055834,5.0
18443,95.0,,0.1926278369165653,0.4695297238718402,4.0
18444,100.0,1.6555281464853604,0.22150804430276158,0.4973942803727881,4.0
18445,101.0,1.7268754370045043,0.2582021315329021,0.49573236267596543,4.0
18446,102.0,1.774054543291837,0.2824973499921898,0.5912458653911818,4.0
18447,103.0,1.785598388087955,0.31393967567635883,0.6130985505335329,
18448,102.0,1.7165119379901506,0.34750484964726625,0.6537899747353294,4.0
18449,101.0,1.746894541853416,0.37346617215083827,0.6876924747047675,4.0
18450,99.0,1.733529207840721,0.3822315777746509,0.7648001580140239,4.0
18451,97.0,1.6748644954263092,0.3827110141607587,0.8425629616735778,4.0
18452,94.0,1.7213091468543837,0.3777362453350892,0.9012966793702837,5.0
18453,93.0,1.6938431146637214,0.3833443280814053,0.9709073499470262,5.0
18454,90.0,1.6573826957572886,0.4021809237504146,0.9818558916124054,5.0
18455,86.0,1.6547985931416187,0.3970542483211766,1.0042665731007676,5.0
18456,79.0,1.6963222340792887,0.3929247853275583,1.0726075272713265,6.0
18457,74.0,1.6872268114565914,0.3770506072876481,1.113801850453019,6.0
18458,69.0,1.6391784644069194,0.35516024964843396,1.1492866378453184,7.0
18459,61.0,1.6015048810968564,0.31940072741316805,1.1585771963625517,7.0
18460,57.0,1.5987705327071917,0.2789610856240615,1.111732887500445,7.0
18461,56.0,1.5997555164322987,0.22075229727762363,1.0703420659449154,7.0
18462,52.0,1.4843233295356393,,0.9972891157087989,7.0
18463,51.0,1.517318439302381,0.13064355803177483,0.8604796440330044,7.0
18464,55.0,1.481867285765225,0.09945438926493178,0.803792505713904,7.0
18465,59.0,1.5272065216898663,0.06996756345778855,0.7085712803789187,7.0
18466,59.0,1.514469580094806,0.04479255838323175,0.6151864419042544,
18467,60.0,1.4497440871074099,0.03061736908660805,0.5340973417473891,7.0
18468,59.0,1.4195782750736643,0.028164335100015314,0.44941581003393694,6.0
18469,65.0,1.328331832461448,0.0006818215004932727,0.3635063731466671,6.0
18470,69.0,1.2987647867660213,0.0,0.2721166948614936,
18471,70.0,1.309192974884224,0.0,0.2527057342293154,4.0
18472,79.0,1.3250836479117172,0.0027681155348972183,0.20118967700679466,4.0
18473,84.0,1.294077373409326,0.016889793229776566,0.151424636355299,4.0
18474,86.0,1.2556139215379138,0.0438481334148603,0.1253322912465211,4.0
18475,87.0,1.3672999536231474,0.04466039773372872,0.10056143806216149,3.0
18476,91.0,1.3255327571762898,0.0534535706870657,0.08437804720976051,3.0
18477,94.0,1.3019873174054297,0.0689538766966013,,3.0
18478,98.0,1.3321036177966221,0.09926821221050906,0.12095517429929063,2.0
18479,101.0,1.3299860291695138,0.11511428182644981,0.17238945650946194,2.0
18480,99.0,1.3321094829613567,0.14053203883558252,0.20130442049846334,2.0
18481,97.0,1.260634783874296,0.16547029791885356,0.27064548118618614,2.0
18482,98.0,1.2860959344816107,0.18600370342804973,0.30220724796356063,2.0
18483,96.0,1.3370549754825145,0.21276568309012786,0.35256084091587936,2.0
18484,92.0,1.398099276222927,0.2110140346305689,0.3806979817838835,2.0
18485,90.0,1.3436055632099688,0.23048952559052815,0.4416114964046279,2.0
18486,87.0,1.3744639236865588,0.2148358137694409,,2.0
18487,84.0,1.4321000903818057,0.22318601719341685,0.5376158598778678,3.0
18488,78.0,1.4141788640097188,0.21477301999384052,0.5531283365901842,3.0
18489,76.0,1.3907933097939758,0.20658332681003225,0.5653715209751418,3.0
18490,70.0,1.3470033662435237,0.1916663091242263,0.5978308965388786,3.0
18491,67.0,1.3876261877927698,0.17435847111865596,0.5947779847283006,4.0
18492,63.0,1.3644444274531289,0.1554972801606929,0.5909469596891552,4.0
18493,55.0,1.4456405133276151,0.11555339502257161,0.5726878705623585,4.0
18494,58.0,1.4287796209308492,0.08413639575212338,0.5488651127962808,4.0
18495,60.0,1.3817828494349453,0.05255459644070236,0.49135146541455127,4.0
18496,56.0,1.2923690720455239,0.026374372394622318,0.4281521127489321,4.0
18497,54.0,1.2855045370987914,0.008208298609319048,0.36866191637577356,4.0
18498,56.0,1.332945771406454,0.0,0.2964067684876058,4.0
18499,59.0,1.275816710004728,0.0,,4.0
18500,57.0,1.2934845437212978,0.0,0.1721687352608707,4.0
18501,59.0,1.3995831852852936,0.0,0.15092718791159757,4.0
18502,66.0,1.3978132123459805,0.0,0.14001622106858394,3.0
18503,69.0,1.395247980476676,0.0,0.10139706392823325,3.0
18504,70.0,1.3013067325345202,0.001100512755463183,0.08860609674696096,3.0
18505,70.0,1.317548895763949,0.015397640961120108,0.10118236932490851,3.0
18506,75.0,1.3202079737093106,0.021122534842725145,0.11141623787154695,3.0
18507,71.0,1.3659132639319909,0.010881693765489366,0.11289011558587722,3.0
18508,76.0,1.3465194232112065,0.010822155069952998,0.09536823884438923,3.0
18509,78.0,1.381858225589409,0.022409219493263494,0.09594472157054305,3.0
18510,77.0,1.3458134693346508,0.03035353862676515,0.10373978910016883,3.0
18511,75.0,1.3706660599230678,0.031706081184503396,0.09241598951086179,3.0
18512,74.0,1.3570412023654823,0.040844445770635,0.05885487311628507,3.0
18513,75.0,1.234073710096519,0.037041059112530444,0.07137213172274588,3.0
18514,73.0,1.2080565336926983,0.006165927895250965,0.12324357866859945,3.0
18515,75.0,1.2359006222182538,0.015533330818916846,0.15481100603381465,3.0
18516,76.0,1.3242357807130885,0.012454175453789938,0.12023871042404344,3.0
18517,73.0,1.331654671846988,0.022808137649949652,0.09535046906284685,3.0
18518,73.0,1.28115218882714,0.028001325271037304,0.10472623822878008,3.0
18519,68.0,1.277484147544986,0.024543541531378645,0.08560159048160638,3.0
18520,68.0,1.2739889712477304,0.011957100890705443,0.06362113193690803,3.0
18521,68.0,1.2744718822404095,0.004468328307713704,,3.0
18522,68.0,1.1882174762062836,0.0,0.013558646371923465,3.0
18523,67.0,1.1646457658237013,0.0,0.0,3.0
18524,68.0,1.2099701363846505,0.0030243779547885694,0.056252387366240275,3.0
18525,67.0,1.2229566588864937,0.0,0.05015377464497182,3.0
18526,66.0,1.1279204148565016,0.0,0.01901335031168422,3.0
18527,68.0,1.1695401851852987,0.0,0.028306506761941887,3.0
18528,68.0,1.1578765372873925,0.0,0.01807900645355997,3.0
18529,66.0,1.1030417608314038,0.0,0.0044392202228629996,3.0
18530,65.0,1.0596414884929655,0.0,0.0,3.0
18531,68.0,1.0463862206918475,0.0,0.0,3.0
18532,63.0,1.0492202641233905,0.0,0.020296171592976715,3.0
18533,66.0,1.0796399223678894,0.0,0.009277251488375503,3.0
18534,69.0,1.0890949495372682,0.0,0.000678121667920392,3.0
18535,67.0,1.1391719157607707,0.0,,3.0
18536,69.0,1.205356373286244,0.0,0.03376435512561767,3.0
18537,73.0,1.2278660640566614,0.0,0.04485510237824167,3.0
18538,75.0,1.2488307621505017,0.0,0.06859107692051777,3.0
18539,72.0,1.2644417529004328,0.008206115487671688,0.07404184212960979,3.0
18540,71.0,1.2379212461690412,0.00037726816072935305,0.06589322327733994,3.0
18541,68.0,1.2605334750823136,,0.03573732459239752,3.0
18542,70.0,1.3249468050829891,0.0,0.034199026994185304,3.0
18543,74.0,1.3122760776226716,0.0,0.025486491723912652,3.0
18544,70.0,1.3369406768168333,0.006788368004615446,0.029213718015051827,3.0
18545,72.0,1.373920577537252,0.0036759612389451637,0.034173113040259405,3.0
18546,71.0,1.310706508814868,0.004390432928153566,,3.0
18547,68.0,1.296509111633129,0.0034185402987331843,0.04282403979782329,3.0
18548,67.0,1.2505205283265122,0.004471153121108315,0.07998029379189714,3.0
18549,64.0,1.3289635133272686,0.0,0.03817481768442765,2.0
18550,65.0,1.3038346176876943,0.0,0.0,2.0
18551,69.0,1.2256649341329953,0.0013417815413088053,0.0,2.0
18552,71.0,1.2572477991299613,0.002641985374642452,0.022741671321513494,2.0
18553,72.0,1.2769863729245865,0.0,0.0,2.0
18554,76.0,1.1993819478310555,0.0035882236331978446,0.01075568636679331,2.0
18555,76.0,1.1641977098528922,0.0,0.0,2.0
18556,76.0,1.160118351070246,0.0014470162372760983,0.009790198735728733,2.0
18557,76.0,1.0623371711033394,0.014604656958398177,0.0,2.0
18558,76.0,1.0505679128432253,0.0,0.021971545599150974,2.0
18559,78.0,1.1017068109389534,0.0,0.0095126979577853,2.0
18560,80.0,1.1162533550586011,0.006692314357214228,0.003295521209235897,2.0
18561,81.0,1.1009394930468877,0.008832113216363058,0.008699363402194373,2.0
18562,82.0,,0.0032930636809007964,0.0120419640033978,2.0
18563,83.0,1.0593470535189269,0.015184082275585787,0.01786839245357954,2.0
18564,85.0,1.1056986611572988,0.017241182158033694,,2.0
18565,84.0,1.106765785695699,0.01430622721766776,0.02472685071232227,2.0
18566,85.0,1.1269846508126102,0.011888211103903574,0.037501161780638295,2.0
18567,88.0,1.1753251744879711,0.027246888742371106,,2.0
18568,88.0,1.2397908060807845,0.03288219023365628,0.04488977975498223,2.0
18569,89.0,1.2823802543051614,0.08297582790348904,0.05021125312788758,2.0
18570,91.0,1.3342502346856013,0.08735214332041254,0.1319012720999643,2.0
18571,93.0,1.3270420084796222,0.09849129904159351,0.17190179264427874,2.0
18572,90.0,1.2831204447693425,0.10530399339755478,0.20323006842100497,2.0
18573,87.0,1.3141938642608728,0.12333140334029577,0.2575295332740192,2.0
18574,88.0,1.3883121168393793,0.14310506110336924,0.27978786718384774,2.0
18575,85.0,,0.1398425854901212,0.26705764288087197,2.0
18576,85.0,1.4679451898213014,0.14674856782103995,0.3294029089099815,2.0
18577,80.0,1.4592148897884003,0.16104038065111517,0.3523293626883682,2.0
18578,78.0,1.4496003485379425,0.157162847674505,0.3540732915121559,2.0
18579,79.0,,0.13242843024198414,0.40763644228446044,2.0
18580,79.0,1.4007267087233821,0.13334031021458934,0.4418689343190703,2.0
18581,74.0,1.3612578673563693,0.13219844944320153,0.4315266286777,3.0
18582,73.0,1.3698448982172733,0.12085979497048775,0.39605530623790086,3.0
18583,70.0,1.4340615065675917,0.11946491224291726,0.37137372857117523,3.0
18584,71.0,1.3989080120299706,0.10023229043773274,0.35915297640084926,3.0
18585,72.0,1.3681913708779518,0.07625799488128793,0.37105897649959385,
18586,78.0,1.2853751310708053,0.05955869216552174,0.35463958600933126,3.0
18587,82.0,1.1890288493107426,,0.3360498505187717,3.0
18588,84.0,1.2237935803477786,0.05738117479540902,0.3146700548306274,3.0
18589,84.0,1.347152572690501,0.0698514165210567,0.2965204396580138,3.0
18590,86.0,1.3248854687598866,0.08918623011076589,0.274704395972918,3.0
18591,86.0,1.2839093589503403,0.09328825310296676,0.2761110998255227,3.0
18592,85.0,1.2848686125666045,0.10125301121734573,0.26780002240642464,3.0
18593,83.0,1.3625642273254281,0.10823489934149351,0.2620799537211769,3.0
18594,89.0,1.3971977312148811,0.1106128960406139,0.32403073120868453,3.0
18595,91.0,1.4240473076600586,0.13960151192646103,0.3506220826340615,3.0
18596,91.0,1.5034943765499333,0.15054659673502824,0.36378382220164723,3.0
18597,92.0,1.5263317134732033,0.15700039609187025,0.35523606299254,3.0
18598,94.0,1.5951729613326597,0.17846892558910596,0.39391731078617764,3.0
18599,95.0,1.6597230262178444,0.21909890494303214,0.45431029360169306,3.0
18600,96.0,1.672000238315639,0.2354858017815284,0.5120526553756736,3.0
18601,92.0,1.6147677301981957,0.2659658343070394,,3.0
18602,89.0,1.6235898525487111,0.28263966160217396,0.5886957619613703,3.0
18603,90.0,1.5975017332342534,0.28386197255388035,,3.0
18604,86.0,1.4796778074034345,0.29283144775338354,0.6932313727568467,4.0
18605,80.0,1.5437981918091819,0.2791448549139345,0.71853625223323,4.0
18606,81.0,1.5121238507896884,0.25250976608823666,0.7061389592271614,4.0
18607,79.0,1.5089492274097112,0.22357735328422318,0.7193740472668679,4.0
18608,78.0,1.5046734693623987,0.21331791247531884,0.6942354172642721,5.0
18609,78.0,1.5598565340699628,0.19344089333346873,0.6851196367324701,5.0
18610,78.0,1.580185833865222,0.19475436170842533,0.6832707025318978,5.0
18611,76.0,1.537258241541008,0.19039546369773844,0.6773081658243889,5.0
18612,78.0,1.5384560656367678,0.18833951414024191,0.652184691291888,5.0
18613,79.0,1.4415992055588058,0.19007997989732509,0.6745579849188245,5.0
18614,76.0,1.4750074276659164,0.17636352256673887,0.6631013403045346,5.0
18615,81.0,1.4819636997066807,0.1694556229943303,0.6087142138091237,5.0
18616,81.0,1.4778588588184456,0.1796729891439066,0.5687782999538064,5.0
18617,84.0,1.3972786441262588,0.18116280699396659,0.5209698099953588,5.0
18618,84.0,1.3770744553420435,0.18879131120488932,0.5532165546170149,5.0
18619,85.0,1.2982507504869287,0.2038233382070085,0.5384372020718282,5.0
18620,88.0,1.4446544428717472,0.1990638912540816,0.5476605851532182,5.0
18621,90.0,1.5628481397228493,0.2094516952034951,0.5800335018645952,5.0
18622,90.0,1.6606604940218512,0.23011488431882024,0.6136424815699433,5.0
18623,94.0,1.7422511416989175,0.2475115068788565,0.6290090392380586,5.0
18624,94.0,1.7786828086993567,0.27154763596067544,0.6296502804930834,5.0
18625,95.0,1.747032880457469,0.2969591029821873,0.6906077817647978,5.0
18626,95.0,1.6837605298706173,0.29640937454012745,0.7081669525915795,5.0
18627,93.0,1.7214876426751684,0.30484203236590784,0.7364984982922074,5.0
18628,96.0,1.6911850361383107,0.32188549543549655,0.7445717263961467,5.0
18629,97.0,1.7831849501648502,0.32581305598125837,0.7987467603410077,
18630,99.0,1.832892328575331,,0.8013691773965179,5.0
18631,99.0,1.8422459177793846,0.35155577660594556,0.8223819312725478,5.0
18632,97.0,1.787617933251307,0.35992759198855695,0.8684201717213328,5.0
18633,99.0,1.777535571556037,,0.9126620951572737,5.0
18634,99.0,1.780192366838096,0.40655385282006895,0.9211401652852166,5.0
18635,97.0,1.7291113370920634,0.42592322839062235,0.947474322786241,5.0
18636,95.0,,0.40202623854493047,0.9679304633172299,6.0
18637,95.0,1.8219909885586558,0.4181127100601699,1.0449308618846362,6.0
18638,94.0,1.7800293594348386,0.4208978774941725,1.0542400001126888,6.0
18639,91.0,1.6411784663709796,0.42166899482207393,1.0900447572363678,6.0
18640,87.0,1.6745224916839356,0.422096883008941,1.1354539069180016,6.0
18641,86.0,1.675723334458596,0.4138007873567386,1.1762566122481752,7.0
18642,84.0,1.7106995207088707,0.40166862304658796,1.1761393926019799,7.0
18643,82.0,,0.3849668523933112,1.1593090168815645,7.0
18644,82.0,1.6218432827533276,0.3731559899396254,1.1533867008377015,7.0
18645,77.0,1.7050174666485742,0.381359411897349,1.1061168052457826,7.0
18646,78.0,1.7597603304956373,0.36150844118271025,1.120385029033946,7.0
18647,82.0,1.7203687579366607,0.35559470353945755,1.0826330558229709,7.0
18648,84.0,1.764577537253335,0.34030531590260965,1.0860598882926344,7.0
18649,86.0,1.6829490870375452,0.34228912996006305,1.0512897164688007,7.0
18650,89.0,1.7098086553490877,0.340611470197695,1.045096778996691,7.0
18651,92.0,1.7817270438615087,0.34220914776801187,1.010883257288409,7.0
18652,94.0,1.8006387549484957,0.3435230837439319,1.034454694032338,7.0
18653,94.0,1.776061105774866,0.3311887842534252,1.0288344955605666,7.0
18654,95.0,1.8314931556719842,0.342615303316073,1.0006046186212414,7.0
18655,99.0,1.865720604816974,0.37455989342535445,0.9988187776156578,7.0
18656,100.0,1.87003103648454,0.37029137146101293,1.0209890823233987,7.0
18657,101.0,1.9842802942087006,0.37453875245055374,,7.0
18658,102.0,1.9542659382633767,0.38985800797881215,1.047261625155148,7.0
18659,106.0,1.9772272349599356,,1.0844532554288044,7.0
18660,110.0,1.9695488111588553,0.43252281252148517,1.1122637867325567,7.0
18661,107.0,1.945554731073299,0.458930173539642,1.1608693231260583,7.0
18662,107.0,2.0511344970393197,0.4785241928351915,1.1838308972744613,7.0
18663,108.0,2.0319648909520023,0.5143458748405638,1.2505910679038312,7.0
18664,106.0,2.0044587146395587,0.5480751676841982,1.2832844468033895,8.0
18665,103.0,1.989764149910937,0.5705840461467165,1.362871618495983,8.0
18666,99.0,1.9532860144494504,0.5780511913209377,1.4722931249689812,8.0
18667,91.0,1.97598341811294,0.5763190430110087,1.5199823016211993,9.0
18668,80.0,1.9783793522087285,0.5869178214688843,1.5672694966073455,9.0
18669,82.0,2.015480637389723,0.5546499614612805,1.5983538011811202,9.0
18670,80.0,1.998610066182948,0.520997525006651,1.6030757935018158,9.0
18671,80.0,2.044315646801733,0.48786028658811426,1.5797793912124565,10.0
18672,77.0,1.909675596961732,0.4754240630712353,1.5229589331569955,10.0
18673,77.0,1.9308718853923548,0.4458728406872373,1.5004781307665955,10.0
18674,78.0,1.9431618102598855,0.4270985854319658,1.438996274809227,10.0
18675,76.0,1.9286712579086431,0.3886818949559469,1.4005492126950205,10.0
18676,79.0,1.9137864413081993,0.37430790304935807,1.3675798358523354,10.0
18677,83.0,1.9526247498180944,0.3597096221471133,1.3218220247844814,10.0
18678,84.0,1.9380432636221545,0.3583029317501168,1.2843328635087523,10.0
18679,91.0,1.933447201765952,0.3550893916342211,1.2233723516387802,10.0
18680,95.0,1.940901524874976,0.36215131999852623,1.1985610144105086,9.0
18681,100.0,1.9717897113463048,0.36797516572385336,1.1811315944484841,9.0
18682,105.0,1.9571959895772852,0.38907147532963254,1.1524420388524421,9.0
18683,109.0,1.9825736644323375,0.4052366105042712,1.138466101354421,9.0
18684,112.0,1.950610264821837,0.4375674516683035,1.151502016614224,9.0
18685,118.0,2.0460366485136325,0.4653821186585674,1.209849558832533,8.0
18686,118.0,2.1017176317843878,0.5146750712285827,1.229210676392334,8.0
18687,115.0,2.148682894092794,0.5483728706965869,1.3383004601059354,8.0
18688,115.0,2.1306584987971826,0.5953705118056144,1.3948551980142874,8.0
18689,114.0,2.1400506282371423,0.6272874634190277,1.4655885608329526,9.0
18690,109.0,2.1937744522833884,0.6656154156346664,1.5695011239434278,9.0
18691,100.0,2.183194985231842,,1.675310844053136,10.0
18692,98.0,2.2199780812792604,0.6800354014622937,1.7843948336338824,10.0
18693,92.0,2.2978771871484933,0.6762117310134039,1.8355757005339728,11.0
18694,88.0,2.25127888131361,0.6693308327861301,1.875772283131422,11.0
18695,82.0,2.2058764090039955,0.6608172910585047,1.8873481292700087,11.0
18696,77.0,2.258502804307361,0.6320118816701493,1.901711516207586,11.0
18697,73.0,2.275797924190986,0.5985972957016724,1.928087840888863,12.0
18698,71.0,2.3427989952436477,0.574253942605054,1.9020243311634693,12.0
18699,68.0,2.3291248289867923,0.5425049271204653,1.8736601927198488,12.0
18700,67.0,2.2624338242482547,0.5133534134687271,1.8432584220638728,12.0
18701,68.0,2.2700008363573128,0.4801993897838688,1.7787484929522814,
18702,68.0,2.187084188992413,0.45316693131779695,1.6944466072209075,12.0
18703,72.0,2.215737443085309,0.4292739607248349,1.6394174571156688,12.0
18704,73.0,2.1437439684513273,0.41929880796262875,1.6105851943868048,12.0
18705,76.0,2.163792706802764,0.40902073819595053,1.5444113625497071,12.0
18706,78.0,2.1598832857942254,0.3913987963528888,1.4436144280883498,11.0
18707,84.0,2.1690726888941363,0.38355451786970973,1.3940571600731846,11.0
18708,87.0,2.179604670848996,0.39299762485913675,1.3743382038130936,10.0
18709,93.0,2.04211780269355,0.3896347412683161,1.3312883107903177,10.0
18710,97.0,2.1256099589992967,0.3936410987045228,1.2988248436100704,10.0
18711,98.0,2.1231984326003914,0.3978321913781292,1.2864174872778658,10.0
18712,106.0,2.1283285460011756,0.434419040049316,,9.0
18713,107.0,,0.4484523059253766,1.2651028408433715,9.0
18714,111.0,2.2002409211207357,0.49424850130270537,1.3096854549497507,9.0
18715,113.0,2.1540143961848006,0.5500139043335392,1.3492391372201595,9.0
18716,116.0,2.26053730781829,0.5697586833297477,1.41803327462021,9.0
18717,119.0,2.1966784290113424,0.5870450486260281,1.4765221138619289,9.0
18718,114.0,2.139332340794403,0.61593644849369,1.5049227622103623,9.0
18719,109.0,2.2112366720813266,0.6444391252273683,1.5732010031854877,9.0
18720,108.0,2.2508021695472915,0.6622930413092724,1.6579960684732282,9.0
18721,103.0,2.232503189578019,0.668215348455193,1.7081958284431114,10.0
18722,97.0,2.211307688046631,0.6651094744510035,1.786575575806108,10.0
18723,92.0,2.178587022146344,0.664260664139145,1.8104527357643068,11.0
18724,88.0,2.155248880056732,0.651252125700059,1.8244116709377147,11.0
18725,87.0,2.124643562387909,0.6578026382087802,1.8343551406461027,11.0
18726,84.0,2.1674204389913525,0.6302131669631235,1.8663694866574319,11.0
18727,79.0,2.159179559168889,0.5884410477107995,1.861831638425593,11.0
18728,76.0,2.203367104450874,0.5718555773306013,1.8760770830142595,11.0
18729,76.0,2.1317788217879996,0.5500522464974688,1.8328733624480404,11.0
18730,75.0,2.067074675594378,0.5338747582928888,1.7832169331292285,11.0
18731,73.0,2.0233849880381367,0.5023141632398727,1.7122110767552323,11.0
18732,74.0,1.9748247447328242,0.4690266383261208,1.6796770437442128,11.0
18733,75.0,1.9359028715106739,0.4507233657411097,1.6502730366840919,11.0
18734,77.0,1.9164779999835928,0.43169908437221016,1.5636588027416543,11.0
18735,80.0,1.9614942712876178,0.4021109317668296,1.5147645207197826,11.0
18736,84.0,1.9171715840779164,0.39008293398698657,1.4649072181514917,11.0
18737,89.0,1.930128062858085,0.3834469787827329,1.4037873387587387,11.0
18738,92.0,1.9342007865119535,0.38360078202754067,1.3569934503744585,11.0
18739,92.0,1.9250015154905267,0.4099572083760375,1.3156667893033547,10.0
18740,97.0,1.984613415869554,0.42384877396375154,1.2821548007632249,10.0
18741,101.0,1.9572313304814257,0.4528970365315398,1.3202847227188863,10.0
18742,107.0,1.9203987813518646,0.47474731911743745,1.335958846184518,10.0
18743,104.0,1.947738793129665,0.49890093903594024,1.3417579816335938,10.0
18744,104.0,2.019853798928588,0.5084200866062443,1.3653741444706635,10.0
18745,106.0,2.0320689832692285,,1.4118869777009522,10.0
18746,104.0,2.0834590360067433,0.5510746854897743,1.4758181510609851,10.0
18747,102.0,2.154411664689718,0.5682831107800363,1.492696935639301,10.0
18748,101.0,2.1857331155351516,0.5787365530720147,1.5443724913740848,10.0
18749,101.0,2.193090247695429,0.5815647530065808,1.5635098941010284,10.0
18750,97.0,2.2676987252358987,0.5883902938318855,1.6134838022038376,10.0
18751,93.0,2.243491783160314,0.5922076397863482,1.615981179829864,10.0
18752,92.0,,0.5742532632196083,1.6533151171784366,10.0
18753,90.0,,0.5699232274587798,1.665608960372919,10.0
18754,86.0,2.2169936109111976,0.5717201992990973,1.7012559309536333,10.0
18755,84.0,2.173859314561912,0.5702532190142332,1.7068692377812138,10.0
18756,80.0,2.063500434658563,0.5759953847345188,1.7069714322278713,10.0
18757,81.0,1.9854353744294655,0.5514890855376816,1.7481609221020307,11.0
18758,79.0,1.915234938885375,0.539572929702756,1.7387082486132799,11.0
18759,74.0,1.9334957949918625,0.5149232748691492,1.7152081546802864,11.0
18760,73.0,2.000761997659254,0.47771245237163135,1.6367541528216352,11.0
18761,72.0,1.9947610504016877,0.4332512078008367,1.5816980723468002,11.0
18762,68.0,1.9539233377603629,0.41417634760285077,1.5406884070699114,11.0
18763,66.0,1.8785052401444928,0.38135056065924106,1.4793074146337777,11.0
18764,70.0,1.8692703274423015,0.3747050260114537,1.428406510418803,11.0
18765,71.0,1.8145197861735192,0.34203393465640225,1.340182828493114,11.0
18766,72.0,1.8563801838903078,0.31266726432983033,1.2958773888593433,10.0
18767,75.0,1.8659924116174156,0.30477392564428535,1.2135676064634853,10.0
18768,78.0,1.850925435802625,0.3068849258726914,1.1384876616672457,9.0
18769,84.0,1.8155017687027195,0.3160869545897744,1.0946311066221588,9.0
18770,89.0,1.8923446244530209,0.3243652370149422,1.0298318935383035,8.0
18771,95.0,1.9989235259320606,0.33739964997518057,1.0539475962811746,8.0
18772,100.0,2.0449656015735123,0.3473675045846411,1.024477286195171,8.0
18773,102.0,1.9840481866782638,0.37748775158712516,1.0329408580196082,8.0
18774,99.0,1.9950423798589176,0.392500752817431,1.0680928618313439,8.0
18775,100.0,2.0077883758728796,0.4124145711251921,1.0662110269435308,
18776,102.0,2.000283356187377,0.44104888259143765,1.1069930241505643,8.0
18777,99.0,1.900798680470379,0.45458315917375813,1.0989112541345762,8.0
18778,99.0,1.9370188985769834,0.448294800532575,1.1548649736396546,8.0
18779,98.0,1.969451012250732,0.4583625918318633,1.2310029609431545,8.0
18780,97.0,1.9549921818923464,0.4693634405778765,1.2435005275275803,8.0
18781,97.0,1.904828795282553,0.4763225219379956,1.274719392565482,8.0
18782,95.0,1.9097777699039156,0.46796257940170655,1.3213709882502684,8.0
18783,92.0,1.9031584534181254,0.46681910958459355,1.3280341799240467,8.0
18784,92.0,1.89843381226471,0.467240473108527,1.3392599822386273,8.0
18785,88.0,1.8669177503185763,0.4796141924875046,1.3705855826410438,8.0
18786,83.0,1.88850421506992,0.4800532617897324,1.4074701935620457,8.0
18787,83.0,1.9139964597095835,0.4571058428512605,1.4095990791808897,8.0
18788,81.0,1.8471094229357359,0.44629474708100725,1.4304550327464318,9.0
18789,72.0,,0.41681683784278245,1.4370092153836254,9.0
18790,70.0,1.9037309742662476,0.3793683627445462,1.387217665309395,9.0
18791,67.0,1.8915173356914423,0.3625118929904976,1.3550836462899811,
18792,67.0,1.9503495288406345,0.32571390711386783,1.3073971113726417,9.0
18793,70.0,1.9009496186627237,0.2856844947637175,1.250168054404673,9.0
18794,68.0,1.8141089370390895,0.2618892147003862,1.2001304146511698,
18795,71.0,,0.22624726771863923,1.100006545102428,9.0
18796,71.0,1.7346311975855448,0.2147029853901834,1.0186840514449835,9.0
18797,74.0,1.7346884071845998,0.19649329476305846,0.9528552827206874,8.0
18798,74.0,1.7105025666872096,0.18738063738238914,0.880775401190985,8.0
18799,76.0,1.7283278012716363,0.17875693194838727,0.852291909427688,8.0
18800,82.0,1.7494304284551234,0.15590963452259324,0.754228530193089,8.0
18801,83.0,1.7150711938526013,0.15857490399482957,0.7036892902674926,7.0
18802,91.0,1.6589864556553842,0.17504936294154008,0.6821549038665533,7.0
18803,92.0,1.7186295172026451,0.205827320398218,0.6339242768407704,
18804,99.0,1.695861366670975,0.2271269013664628,0.64634171635191,6.0
18805,106.0,1.6657932176446908,0.25438146786921134,0.6463893554022231,6.0
18806,105.0,,0.27054534377606204,0.6950041053088751,6.0
18807,102.0,1.6993933125812017,0.3066396542127959,0.7653254530259443,6.0
18808,98.0,1.8243868153125171,0.3192452397217706,0.8408452495762624,6.0
18809,97.0,1.753463407884131,0.3411197224573583,0.8438075387136431,6.0
18810,92.0,1.7646245844027622,0.3721989725139169,0.8556993234136895,6.0
18811,93.0,1.6786522486813682,0.3754996974792663,0.9062239168617405,6.0
18812,91.0,1.7078582389916357,0.3838470179004996,0.9713651303718333,6.0
18813,82.0,1.7666066392873976,0.3690832569316357,0.984391535706574,6.0
18814,80.0,1.7966380830764517,0.3518521986786652,1.0048235265552592,6.0
18815,79.0,1.7634586200298064,,1.0191633809244307,6.0
18816,74.0,1.7242180987412186,0.33161639902202594,1.041075409510607,6.0
18817,73.0,1.6675541232814775,0.31466166130005163,1.0373882460906794,7.0
18818,67.0,1.656476069300008,0.3138264567006549,0.9886333064161116,7.0
18819,62.0,1.6813008067440876,0.2862267220954802,0.9528262121805255,7.0
18820,57.0,1.6577818523228385,0.2538085446162443,0.9313530165158583,7.0
18821,56.0,1.5891507195515064,0.20855094927670442,0.8825981787378063,7.0
18822,55.0,1.5769394806615202,0.16356870029758175,0.8188836453866805,7.0
18823,55.0,1.6183487270758474,0.1422262544186171,0.7504357229263527,7.0
18824,54.0,1.5945322555798445,0.11401454177140381,0.6819421856682851,7.0
18825,53.0,1.5408385211481734,0.08761610071549321,0.6023492689343948,
18826,58.0,1.5195594609246175,0.06887908879214803,0.5455278939258265,6.0
18827,61.0,1.522802607783814,0.042651765925967214,0.4790819887636387,6.0
18828,65.0,1.4664325405985084,0.036548021425584845,0.37090201789459704,6.0
18829,70.0,1.452068582370923,,0.3345204471111994,
18830,74.0,1.4271388051669038,0.011095541414624984,0.2881814173731862,5.0
18831,78.0,1.3548740286849412,0.02097007404838277,0.22639201892889965,
18832,84.0,1.4296648903096745,0.0414124259187272,0.18399223697420375,4.0
18833,87.0,1.486425531317898,0.06279436222252037,0.21526269047625646,3.0
18834,89.0,1.468269794790854,0.06471230733018196,0.2255514662739047,3.0
18835,95.0,1.5582901964144673,0.08988670717826693,0.20899994235997746,3.0
18836,100.0,1.5344716127113036,0.13277244046450556,0.24930638745682226,3.0
18837,102.0,1.5336300391150641,0.17442187676857454,0.2806371451770207,3.0
18838,101.0,1.559645642544873,0.20813723596263836,0.3190482581980627,3.0
18839,100.0,1.6008105727065032,0.2263579530891842,0.3963420265461102,3.0
18840,100.0,1.6056303909693335,0.25399701149547427,0.4436415486382359,3.0
18841,98.0,1.5040024208541343,0.26725230185037757,0.5426585444577637,3.0
18842,92.0,1.4595976141607172,0.2691358577775512,,3.0
18843,91.0,1.434311550255044,0.28207824378648394,0.6167403104453202,3.0
18844,90.0,1.4060866297810612,0.2927487379386249,0.6834496484605371,4.0
18845,83.0,1.438044464032027,0.2900378336817993,0.7203660301312598,
18846,76.0,1.4136330856843666,0.26259095733082816,0.7524333061578493,4.0
18847,73.0,1.344428102356552,0.25598596379594624,0.741835261298661,4.0
18848,70.0,1.4594017625461326,0.23716103232985566,0.7134622255322607,4.0
18849,67.0,1.499193765651419,0.19838560110091424,0.7174672757145791,4.0
18850,62.0,1.5393566521855908,0.18669974047917298,0.6920908023917782,5.0
18851,54.0,1.4221808483239933,0.15711639295842567,0.6852507224049296,5.0
18852,54.0,1.3389298208851326,0.11162978379539755,0.6592128785477785,5.0
18853,53.0,1.299624363646299,0.07885121601770392,0.5644515455818274,5.0
18854,49.0,1.2208510174859595,0.04665284148898392,0.5232813505771576,5.0
18855,50.0,1.1931287416175258,0.01062487985652246,0.4524799874979741,
18856,54.0,1.096983336753235,0.0,0.3843845442772116,5.0
18857,56.0,1.1010530381975492,0.0,0.29113631452964434,5.0
18858,55.0,1.1503937199934497,0.0,0.2354785318812208,4.0
18859,59.0,1.0921487008204764,0.0,,4.0
18860,62.0,1.1476954191632909,0.0,0.12590084977722932,4.0
18861,63.0,1.184855676180953,0.0,0.08033575079750413,4.0
18862,67.0,1.255254894791546,0.0,0.025728845979859853,3.0
18863,72.0,1.263562234114549,0.0,0.02137919346902827,3.0
18864,73.0,1.3779330485620396,0.006018867979351609,0.019080075400583107,2.0
18865,72.0,,0.004333174163216302,0.005344955304049874,2.0
18866,81.0,1.334027702397715,0.0,0.04204759942882781,2.0
18867,83.0,1.3826369875497997,0.013440828141523864,0.024727906119321394,2.0
18868,86.0,1.3695922696673914,0.03448890828850212,0.03514179267036863,2.0
18869,83.0,1.3942571102106798,0.04922505305920034,0.0589133950607984,
18870,88.0,1.430132602269139,0.05079232270754851,0.05575506623585037,
18871,92.0,1.2857910216358408,0.07342317896453845,0.09457006062504526,2.0
18872,92.0,1.2722270527779271,0.08019951921492764,0.10847690707506283,2.0
18873,88.0,1.3470779344044947,0.09411287353850067,0.10812826158801622,2.0
18874,88.0,1.3724610481741117,0.12033439890665366,0.14456029173087928,2.0
18875,82.0,1.3616568591482676,0.13782469978122208,0.18452475506357185,2.0
18876,77.0,1.3977077873801609,0.14332664593293568,0.2739209648657847,2.0
18877,77.0,1.3570027272290983,0.1452808178723225,,2.0
18878,74.0,1.3679854360391657,0.13569702312182538,0.3295784589450494,3.0
18879,68.0,1.319703241920074,0.12618315858994017,0.32564033629530736,3.0
18880,65.0,1.2402463659646825,0.11539991994837069,0.3067430690418247,3.0
18881,65.0,1.2186408512245996,0.09226604778188716,0.30199088807199925,3.0
18882,61.0,1.249271129127698,0.06471903512024187,0.2945041883759236,3.0
18883,58.0,1.3039841735500084,0.04855936677077469,0.26985114850707437,3.0
18884,56.0,1.2860457318394523,0.0019649873661733083,0.2155977999329708,3.0
18885,59.0,1.2069155418849604,0.0,0.21768254243447463,3.0
18886,59.0,1.170593821225471,0.0,0.1481073353118279,3.0
18887,59.0,1.1002985439096933,0.0,0.07843597317022523,3.0
18888,60.0,1.145466087535686,0.0,0.05771480222104814,3.0
18889,64.0,1.2010045815082828,0.0,0.0237448926517634,3.0
18890,64.0,1.1645125311424933,0.0,0.020093454425572792,3.0
18891,62.0,1.2436474504550596,0.0,0.0027034183145369546,3.0
18892,64.0,,0.0,0.020818081107928002,2.0
18893,68.0,1.361236715487962,0.0,0.02139768774061312,2.0
18894,70.0,1.3152213545501172,0.0,0.054680068095428,
18895,70.0,1.2833133973965736,0.003878083884084829,0.03175112985161295,2.0
18896,70.0,1.3003980486743507,0.0,0.0,2.0
18897,73.0,1.3543466815803038,0.007106732078605802,0.015992483230919376,2.0
18898,72.0,1.2751267965211974,0.0035720855569672393,0.005085564975144006,2.0
18899,74.0,1.3781413642698421,0.015399003100084942,0.00879236405993907,2.0
18900,75.0,,0.0062360487654595145,0.0,2.0
18901,79.0,1.2442633170616992,,0.0,2.0
18902,80.0,1.2025806552316713,0.02107856134268995,0.01876494503493182,2.0
18903,76.0,1.250907222903774,0.025485579567562144,0.0,2.0
18904,78.0,1.2244704477641633,,0.005936720555390997,2.0
18905,78.0,1.332308524109405,0.03814398583013058,0.04267505674809153,
18906,74.0,1.3853790840303937,0.05117135364543211,0.07177050745526169,2.0
18907,77.0,1.3510701322064476,0.04953699890376243,0.0883743635167451,2.0
18908,75.0,1.3208535161313175,0.056317352828199205,0.11067779494176358,2.0
18909,76.0,1.3611907138407031,0.03607287644542165,0.11130533429361632,2.0
18910,75.0,1.265310896825944,0.04055714907957339,0.06715391253246741,2.0
18911,72.0,1.197699875428896,0.04463354268235235,0.05578567653186671,2.0
18912,69.0,1.1498023171301712,0.038141003336806596,0.06672452597971536,2.0
18913,71.0,1.2033141580213556,0.0004891434813990674,0.035711890352709594,2.0
18914,70.0,1.248800414204329,0.0,0.037061923540691405,2.0
18915,73.0,1.1504188561536741,0.0,,2.0
18916,72.0,1.1281584345417466,0.0,0.053994111530124025,2.0
18917,73.0,1.0945683738858496,,0.03747318733266708,2.0
18918,74.0,1.0619066063379285,0.0,0.044598884383545666,2.0
18919,73.0,1.1109037250691634,0.0,0.0,2.0
18920,75.0,1.090556743117362,0.0,0.0132160506410554,2.0
18921,76.0,,0.0,0.01962594266312021,2.0
18922,80.0,1.1776644548800896,0.0,0.0009959805174132065,2.0
18923,81.0,1.2722239534256818,0.0,0.0,2.0
18924,79.0,1.415288955509404,0.024482408469687793,0.006154450737738966,2.0
18925,83.0,1.4132956740922558,0.0363302102248073,0.021258405258412227,2.0
18926,87.0,1.4472800805679649,0.047344483568580197,0.05307517520394733,2.0
18927,86.0,1.5011026999672765,0.07104069978518057,0.11256255665688289,2.0
18928,82.0,1.4609128654523056,0.10103721584586092,0.10559298017403232,2.0
18929,79.0,1.374751184449585,0.10268742565268839,0.1479008889976207,2.0
18930,76.0,1.2863931993829083,,0.21074719647949003,2.0
18931,80.0,1.3613178885842538,0.09969029176495767,0.20296711501808257,2.0
18932,80.0,1.3039048742683064,0.0941047939278892,0.20721003153986672,2.0
18933,77.0,1.280096327559775,0.09256704644855814,0.2286035093926946,2.0
18934,77.0,1.295433816591283,0.10392951991373567,,2.0
18935,74.0,1.3675252547889392,0.12094005068981209,0.22832367745112436,2.0
18936,74.0,1.3154163989744883,0.10844701910198294,0.26992896198744826,2.0
18937,79.0,1.3712306533644842,0.09512674184530671,0.28568730621451466,2.0
18938,78.0,1.4257171339005932,0.09655507598141479,0.3001426664088937,2.0
18939,73.0,1.4672729994723963,0.10983066655010067,0.28203080299682354,3.0
18940,72.0,1.401197967233949,0.10104766300895839,0.3014618398241223,3.0
18941,73.0,1.348013727070781,0.09337053495096846,0.32457584924038807,3.0
18942,71.0,1.3392723714873478,0.06302019412308801,0.3515528554485634,3.0
18943,70.0,1.3981215581756292,0.04607412906655329,0.3154523071077373,3.0
18944,72.0,1.360672402960494,0.02948991709755277,0.27011735537353193,3.0
18945,77.0,1.2547525026454338,0.021046006717184693,0.2280166104187005,3.0
18946,77.0,,0.03512497762643649,0.20577911448128672,3.0
18947,76.0,1.207987677311121,0.0455721794097196,0.1727371456487198,3.0
18948,77.0,1.156811053873486,0.03438112277361226,0.16299328054924125,3.0
18949,81.0,1.122817021312707,0.010227203741567683,0.16838216504017758,3.0
18950,88.0,1.0699793045762223,0.016830384244737102,0.16327643589439278,3.0
18951,92.0,1.1942272762941788,0.035702571526077725,0.144369458595788,3.0
18952,92.0,1.2265286451207777,0.0516294354457592,0.155391333670603,3.0
18953,94.0,1.2488020399069555,0.077359602758871,0.15711920247979835,3.0
18954,95.0,1.267058926641172,,0.17207496737304903,3.0
18955,97.0,1.3213814309808842,0.10374547366928702,0.17849551446852505,3.0
18956,100.0,1.336787503513591,0.138283863896391,0.21991509609350987,3.0
18957,101.0,1.4160351895678136,0.1657059443843835,0.28988110101347486,3.0
18958,99.0,1.4097912929226202,0.20003262156167234,0.33870278764605577,3.0
18959,96.0,1.473809698194054,0.2315054541974209,0.3847483196775323,3.0
18960,96.0,1.5662747118826201,0.2444889764698277,0.40792362497492274,3.0
18961,96.0,1.6246026559457614,0.2504249707354275,0.4849113071698721,3.0
18962,95.0,1.6534343837839838,0.2723029841457826,0.5349807788519918,3.0
18963,95.0,1.6417309879556625,0.3050881658186737,0.6040815860563278,3.0
18964,88.0,1.5742607532744082,0.3224297180912669,0.6608143977837421,4.0
18965,80.0,,0.3268115244406587,0.7043345296699497,4.0
18966,77.0,1.612281504722887,0.31376218544496026,0.7889984532426823,4.0
18967,72.0,1.6049710205389534,0.3015322153628387,0.7785331628689174,4.0
18968,69.0,1.5558470291393045,0.2815066979109132,0.7892833279418158,4.0
18969,69.0,1.479158909217354,0.276104037591638,0.7992724489484057,4.0
18970,67.0,1.4581486886846287,0.2239975074797447,0.8113097799530153,4.0
18971,68.0,1.596770064873901,0.20561532447589537,0.7912518156223711,5.0
18972,69.0,1.5662601598273151,0.1836580924523572,0.7619335263748201,5.0
18973,71.0,1.5948962371620652,0.16954737075099616,0.7071202896780546,5.0
18974,72.0,1.587939658320273,0.15204650508140452,0.625475451274817,5.0
18975,74.0,1.5659156817085587,0.14993610289735954,0.5755050448947073,
18976,75.0,1.6541204058238963,0.1267281964609207,0.5560332434367321,5.0
18977,75.0,1.6220471652391164,0.1296406814019815,0.5137432680333753,
18978,80.0,1.6503270962454133,0.14343733758089533,0.4424421189467569,5.0
18979,83.0,1.6250076840759446,0.1292389004406836,0.40644532173840753,5.0
18980,91.0,1.6650170302179885,0.1383564540572447,0.39569885178859393,4.0
18981,94.0,1.7421661945478186,0.17519240391296484,0.3878586796083482,4.0
18982,94.0,1.761131696923541,0.1832204930863324,0.41197555170200034,4.0
18983,97.0,1.733180387802274,0.20694702085322614,0.39143168998044103,4.0
18984,97.0,1.6986286039804115,0.23522835478155565,0.41871441856727115,4.0
18985,100.0,1.7042131205330109,0.26584171132473255,0.4759810164022642,4.0
18986,102.0,1.6950255381546748,0.2791242564393542,0.536282661209039,4.0
18987,101.0,1.745127748304552,0.29364880678834143,0.5930184592707284,4.0
18988,99.0,1.7176894496262796,,0.6682491167006515,4.0
18989,99.0,1.7324693209150326,0.33778286645685307,0.7341642052414348,4.0
18990,103.0,1.7738868813439308,0.36086172771343983,0.8112529772477794,4.0
18991,104.0,1.8171240146430108,0.37847947226372913,0.8836713688514128,5.0
18992,98.0,1.8326323901102175,0.4054112971064411,0.9525556539980979,5.0
18993,95.0,1.8381634417778652,0.4076033821735834,0.9905497331806764,5.0
18994,92.0,1.8484882664406717,0.41890667535932197,1.0660901933324956,6.0
18995,86.0,1.7943803011754573,0.4263193188865845,,6.0
18996,82.0,1.7912759619798098,0.4292539676204029,1.086948864598209,6.0
18997,79.0,1.7932352353737664,0.41587758852753826,1.1399421665945773,6.0
18998,74.0,1.7824108751371421,0.38962601286547477,1.1508946554389219,7.0
18999,72.0,1.810591554048022,0.35679808843209343,1.178058580471183,7.0
19000,73.0,1.7876023631511644,0.33421738538545215,1.1783283877932682,7.0
19001,77.0,1.8107587540662828,0.31634616812973193,1.1456292522271976,7.0
19002,77.0,1.7399823808403847,0.3137799329840934,1.1043656123532553,7.0
19003,74.0,1.7352106999984072,0.3001055734905612,1.073071320116581,7.0
19004,76.0,1.7632293095475482,0.28727581165479843,1.0477013592784188,7.0
19005,76.0,1.7575979757626836,0.27528359410963965,1.009802897813345,7.0
19006,78.0,1.6745897242595893,0.26613795413849367,1.0159609237177403,
19007,79.0,1.8274028248756968,0.2491740160097098,0.9686934882705505,7.0
19008,84.0,1.7344595992113503,0.2616425781422931,0.9314346999919576,7.0
19009,87.0,1.7362436554065908,0.2673820919479292,0.9306601662405697,7.0
19010,91.0,1.749349137685647,0.26656188828909927,0.870146987724453,7.0
19011,98.0,1.7283119412008672,0.2615063385859933,0.8508325602886612,7.0
19012,104.0,1.7125435561517544,0.26560036818610067,0.8664667274370054,7.0
19013,104.0,1.7399062687732494,0.3006073276684875,0.8301963793890444,7.0
19014,106.0,1.7764578941439322,0.3268344673422256,0.8488582730442721,7.0
19015,108.0,1.7825362715478572,0.3588556452527828,0.8800165072839229,7.0
19016,109.0,1.8396081869976602,0.40872147757754107,0.9444789499907621,7.0
19017,105.0,1.87987575912103,0.4422094171989447,1.0017887673298351,7.0
19018,102.0,1.9503141801344037,0.43735966368616463,1.0917724506986006,
19019,101.0,1.8971534249044375,0.46319692529281836,1.155245287288198,7.0
19020,104.0,1.9544896689230264,0.4818755437185633,1.196774326523578,7.0
19021,101.0,1.9637726205466133,0.513039294826029,1.2368495697645356,7.0
19022,98.0,2.0446440968202597,0.5230069962615161,1.30765801641775,7.0
19023,96.0,2.0726805191824824,0.5174737806586898,1.3792359800447005,7.0
19024,97.0,2.1426162281862604,0.5470748844837174,1.4143515203389387,
19025,91.0,2.136571693348175,0.5564136100767048,1.4299125400410928,9.0
19026,87.0,2.0867565327209583,0.5679688934502299,1.4808201772120886,9.0
19027,82.0,2.022840695560272,0.5542411362402628,1.5176819905677357,9.0
19028,81.0,2.050254848218348,0.5239364418083257,1.5548874304703606,9.0
19029,80.0,2.01018109654885,0.5048432206188932,1.5633420746135347,9.0
19030,75.0,1.9900875339292055,0.4743842425209079,1.5425744694568644,10.0
19031,75.0,1.9822191257379744,0.4522443604436703,1.5474523820191817,10.0
19032,72.0,2.008259447067817,0.4299057657416582,1.534289092174661,10.0
19033,74.0,1.9435831399041996,0.410530288843276,1.4845033922496158,10.0
19034,74.0,1.9740073250106995,0.4002367525288921,1.4446690585087283,10.0
19035,77.0,1.9962732113951065,0.38581996915184025,1.3827894057156522,10.0
19036,74.0,1.929326798016655,0.391546700275831,1.3574856289423707,10.0
19037,78.0,1.864595880078673,0.38035183952782836,1.3139311675729515,10.0
19038,85.0,1.9087084766165145,0.3779577512379942,1.274617593356402,10.0
19039,87.0,1.8839551582262501,0.39744929556827285,1.2634761083671706,10.0
19040,87.0,1.8364832454503783,0.3817522329008577,1.2630289715620646,10.0
19041,89.0,1.8965845857735402,0.36670039325963705,1.2534142339950733,9.0
19042,95.0,1.8915474243390167,0.36842292463795095,,9.0
19043,99.0,1.9764940689147008,0.3888341559490795,1.1780612199861962,9.0
19044,99.0,2.005841665957873,0.431796419250902,1.1963896162881786,9.0
19045,101.0,1.9904670107739946,0.44304346768212416,1.1729381551202551,9.0
19046,104.0,1.9812201311276372,0.4529605801313902,1.1699756763693911,9.0
19047,105.0,1.958465742780533,0.48066116349366617,1.22139792284185,9.0
19048,108.0,,0.5025871091812897,1.2474125839280146,9.0
19049,105.0,2.0006416727955325,0.5075948336076569,1.2971605999488613,9.0
19050,107.0,,0.5294112430935681,1.3321447035066887,9.0
19051,106.0,1.972489380099935,0.5514401723130202,1.4336063981420486,9.0
19052,107.0,2.0793290810477085,0.5598944205659327,1.4559845036552237,9.0
19053,106.0,2.0214222953075907,0.5732324346198345,1.5225005569755765,9.0
19054,112.0,2.049789731914826,0.5851885297777312,1.529956336040868,9.0
19055,112.0,1.9169678082320754,0.6180295530902099,1.5967931138637392,9.0
19056,109.0,1.9937482149769412,,1.6140333755107399,9.0
19057,104.0,1.9583115522210046,,1.6540424266197762,10.0
19058,96.0,1.9570863026287548,0.65097923882592,1.6911416466067806,10.0
19059,89.0,2.017650778420171,0.6400294692449756,1.7087165992585065,10.0
19060,84.0,2.0051785458101947,0.6204155874313118,1.7606976921735686,10.0
19061,82.0,2.0334707318797496,0.604984620596861,1.7775865402423345,10.0
19062,82.0,1.9735996790792194,0.590366717429724,1.78892230455788,10.0
19063,77.0,1.9663247978957836,0.5721929280931709,1.8015833618423958,10.0
19064,74.0,2.0300485953375187,0.5240901333810182,1.8022987640666255,11.0
19065,75.0,2.1083855949078742,0.49518106629364467,1.772409905657616,11.0
19066,76.0,2.0812936192929623,0.46437814397217364,1.7099876290203462,11.0
19067,77.0,2.0767737180456676,0.4491681908381628,1.6249716581869877,11.0
19068,77.0,2.006469646918091,0.4193833069124501,1.5649095497906498,11.0
19069,79.0,2.0749039481172353,0.3977732460363915,1.5115845966543755,
19070,81.0,2.0796830130824717,0.38265748716965614,1.4427327024814751,
19071,86.0,2.068020070105806,0.37521980459350796,1.3648127470754265,11.0
19072,90.0,2.0599601709635555,0.3948852103012962,1.311576339618168,10.0
19073,92.0,2.098905763636248,0.3958387216331119,1.2580465920036277,10.0
19074,98.0,2.1358088174363052,0.3976162264950106,1.2054252677618502,9.0
19075,105.0,2.152327525363232,0.4383383805267585,1.1824783509169567,9.0
19076,108.0,2.220042039572,0.48483455904217565,1.2238896589693826,9.0
19077,115.0,2.3405255152632174,0.5056983964137213,1.2983344078498436,9.0
19078,117.0,2.347439425405408,0.5466698759287815,1.3243453335973732,9.0
19079,117.0,2.3619963743325667,0.5888242390960854,1.4141589391907785,9.0
19080,119.0,2.2088027573599405,0.6209182004557835,1.4977326653123932,9.0
19081,115.0,2.251580551758739,0.6495932937989078,1.57246804156613,9.0
19082,111.0,2.2346862417312425,0.6978389207625876,1.641427446469757,9.0
19083,105.0,2.2413271711087446,0.7038774118072425,1.7508159447812965,10.0
19084,100.0,2.2582205534504256,0.7067723705495478,1.822719229974849,11.0
19085,96.0,2.246646294710742,0.7143705257145051,1.884621140942692,11.0
19086,92.0,2.1791433546675507,0.6976456695112149,1.9264643725048578,12.0
19087,86.0,2.1538088389871,0.6813068643899518,1.951025849661403,12.0
19088,78.0,2.1397640213774345,0.6605398728870904,1.9254768473004895,12.0
19089,73.0,2.083223055894603,0.6238120677088578,1.9550641441254406,12.0
19090,72.0,2.160096475678092,0.593586586474772,1.920179621429267,12.0
19091,68.0,2.118202293657425,0.5464476249472653,1.8497497843519948,13.0
19092,65.0,2.0365918426990626,0.512177372257686,1.8267969091471448,13.0
19093,64.0,2.1383156777477574,0.4587436527009927,1.7463241381196242,13.0
19094,62.0,2.20575850564298,0.42001182365848316,1.6308528795419932,13.0
19095,68.0,2.1537554133734873,0.3755788471355321,1.5736707213968735,12.0
19096,72.0,2.088776444916435,,1.4728755109608935,12.0
19097,76.0,2.0454069280256335,0.344722513137216,1.4096652217113057,11.0
19098,83.0,1.9750926800666373,0.31671876167358587,,
19099,91.0,1.8688397352434516,0.32373482570902734,1.240812569097846,10.0
19100,96.0,2.007434746810483,0.3439154818571316,1.175641514944204,10.0
19101,102.0,1.8975522712258766,0.34730470811274444,1.114071918891525,9.0
19102,108.0,1.8893170963658652,0.3668039676131214,1.0923422571530144,9.0
19103,113.0,1.9325860024639288,0.4022279916499527,1.0604689371389446,9.0
19104,121.0,1.9687150332886383,0.4210934875682229,1.0934443257165367,8.0
19105,126.0,1.9436768401273863,0.47378713403759437,1.0993825813363343,8.0
19106,125.0,2.0486681476948,0.5164220017460172,1.121099535974798,8.0
19107,126.0,2.0755555540819497,0.556270807782998,1.2145378113435148,8.0
19108,124.0,2.1370745065930743,0.5858616590625866,1.2979782423271946,8.0
19109,125.0,2.1811332988913774,0.6295409301256688,1.440102206138147,8.0
19110,120.0,2.1902730093522687,0.6697888799469407,1.5391115014712597,8.0
19111,116.0,2.112970560514492,0.719190644699116,1.6360636938414737,
19112,110.0,2.1863142137667744,0.7263138961954376,1.7368327859784465,10.0
19113,101.0,2.1306433235087474,0.72627385427054,1.8516939539210557,10.0
19114,92.0,2.157995094509037,,1.852515300180019,11.0
19115,86.0,2.1418680334707862,0.6802290776717798,1.861417579199919,11.0
19116,79.0,2.08937099019115,0.6743013647999515,1.9061087399935612,11.0
19117,75.0,2.0860806606414397,0.6424589906139776,1.955432313610667,11.0
19118,68.0,2.0947680658326835,0.5975218133584971,1.962457648901329,12.0
19119,62.0,2.017368447668999,0.5590796165030886,1.9255154430057524,12.0
19120,59.0,1.9619110965114883,0.502429893520432,1.861310836678359,12.0
19121,56.0,1.9363180939169047,0.4489293082936277,1.7787663203967443,12.0
19122,55.0,1.9339631660283314,0.403471744084593,1.665439540937049,12.0
19123,55.0,1.9358358726187916,0.363827865527336,1.5645159880482118,12.0
19124,63.0,1.9745439029716565,0.31255480298419347,1.491036660385907,12.0
19125,65.0,1.934555560573959,0.28087688816808465,1.4007786712350279,11.0
19126,68.0,1.9235084917292529,0.2579942109245234,1.2933407777016708,11.0
19127,78.0,1.8999508913611045,0.24884436567940285,1.1531642049400832,10.0
19128,82.0,1.8845890979664455,0.23504102196153986,1.0695952057268332,9.0
19129,88.0,1.9611540420750582,0.2351505757010872,1.0452110935142263,9.0
19130,96.0,1.927330322121288,0.2521252403737722,0.9554452942388354,8.0
19131,100.0,1.923689267717017,0.28784828043929617,0.8831990519806571,8.0
19132,103.0,,0.3032706613655473,0.85711880608108,7.0
19133,107.0,1.7646660582281546,0.3474492756187308,0.8652775042571436,7.0
19134,114.0,1.7672254057651955,0.3770486450302623,0.8968657536243435,7.0
19135,117.0,1.7713410951889845,0.4182209764790015,0.9517105027098997,7.0
19136,120.0,1.8137671947749299,0.44300821074525554,1.022830162205575,7.0
19137,116.0,1.9146870014939812,0.48254572009183044,1.0928263321469103,7.0
19138,115.0,1.9350058072021235,0.4995929458159805,1.1611994536326264,7.0
19139,115.0,1.9503453856844115,0.5340443136393337,1.21868241558871,7.0
19140,110.0,1.980144258554643,0.5598048983293292,1.2888743195586885,7.0
19141,105.0,1.9726776877035426,0.5775679734724465,1.39982764373952,7.0
19142,100.0,1.9700774577926659,0.5896068777501277,1.4510459479747568,8.0
19143,95.0,1.933247665019321,0.5980480965657269,1.5285705286014062,9.0
19144,86.0,1.9435843089139637,0.5822349988748915,1.5881609728490966,9.0
19145,81.0,2.0309364389807723,0.5677228361956529,1.614389760666581,10.0
19146,72.0,1.9884612137814888,,,
19147,64.0,2.1043465967665207,0.4834835776362551,1.6016212375333871,10.0
19148,63.0,2.085723928308453,0.44065109428575994,1.6219546902785504,10.0
19149,60.0,2.100908942477571,0.4043269164107053,1.5854442915425442,
19150,60.0,2.0504926856344228,0.36445528504591007,1.5696713558619932,10.0
19151,62.0,2.0035532637967934,0.3270145364880212,1.471637824974279,10.0
19152,63.0,1.9381340340007787,0.30729745599345865,1.393119106045989,10.0
19153,62.0,1.9038458324078495,0.2756280601452652,1.2968856815851564,10.0
19154,62.0,1.845825240616347,0.24906459451690097,1.228842759491205,10.0
19155,65.0,1.864245807437412,0.22129764129153578,1.1813742686900919,9.0
19156,66.0,1.8053611167048331,0.20745681886827158,1.0790768036383234,9.0
19157,75.0,1.83869396787282,0.21802296750356404,0.9825673431815524,8.0
19158,81.0,1.7440602803933207,0.2108908140147486,0.9608600671207611,8.0
19159,81.0,1.7381304792156596,0.2060349552960576,0.9273123091206502,8.0
19160,83.0,1.7055004641306235,0.2021093728236725,0.8789399773638815,8.0
19161,87.0,1.715097726658345,0.20518204119940664,0.7949853787869413,7.0
19162,94.0,1.6963824311981188,0.22063179193743612,0.7874611277868309,7.0
19163,98.0,1.744148926363812,0.24104950753585214,0.7458592765545634,7.0
19164,98.0,1.8041908803286986,0.26553401362482065,0.7675630966308576,7.0
19165,97.0,1.9381275036123216,0.308657101508845,0.7753944011516398,7.0
19166,97.0,1.946070121740642,0.3317272958164743,0.8008387165223206,6.0
19167,97.0,2.007573728834747,0.3519929906501957,0.8366906965841368,6.0
19168,95.0,1.960370657420731,0.37837411891748907,0.901172947034017,6.0
19169,91.0,1.9035067992443022,0.3979159555676245,0.9629185166391879,6.0
19170,86.0,1.9614422559438074,0.3959372409141452,0.9728666342034706,6.0
19171,85.0,1.9506788445991303,0.4009412302335331,1.002194739214786,6.0
19172,83.0,1.9893464793041047,0.4061082477403423,1.0576056146085693,6.0
19173,79.0,2.004589689528664,0.39811748939500596,1.0596567684884282,6.0
19174,80.0,2.035939954019574,0.3934092270771832,1.0899022689321964,6.0
19175,79.0,2.0520592477021555,0.38095992679961843,1.127391386198256,7.0
19176,77.0,1.9284125700892962,0.3624493975747928,1.1258729797431812,7.0
19177,73.0,1.8900180372691473,0.34620207528912234,1.1242883439932783,7.0
19178,71.0,1.881115157849297,0.33451945036293323,1.0899399394156397,7.0
19179,67.0,1.7885083464468223,0.3024528369804923,1.1052420745051745,7.0
19180,63.0,1.8202420183221983,0.27304011241931136,1.0816252263147212,7.0
19181,63.0,1.807279217009433,0.2481421469420239,1.0092703311995437,7.0
19182,61.0,1.7603961887683983,0.22911613445092716,0.9628723368582762,7.0
19183,61.0,1.7088875268418429,0.18736924170013722,0.9015949166997197,7.0
19184,62.0,1.6544713306557073,0.15123953948563243,0.8240585485681964,7.0
19185,61.0,1.6349340798286724,0.13113040052009758,0.7641688300818358,7.0
19186,61.0,1.6342013932518462,0.1162765017000017,0.6519724261500658,7.0
19187,63.0,1.6605857518168106,0.1057117809038775,0.5905635782792986,7.0
19188,64.0,1.606848159643461,0.0780436891590093,0.5555701430777473,6.0
19189,66.0,1.5594005902803378,0.08002718405164173,0.48525967813896304,6.0
19190,69.0,1.588012518145518,0.05537934958818455,0.4307720731244428,5.0
19191,76.0,1.6287041696678857,0.05306359553988946,0.404642433793764,5.0
19192,84.0,1.611680356552308,0.05605443202267219,0.333345524487007,5.0
19193,87.0,1.684187642091594,0.08320444385399994,0.29724199264478357,5.0
19194,91.0,1.6568566520630403,0.10186066592996715,0.3013748957798382,5.0
19195,93.0,1.6239059995765102,0.1336425507352605,0.307667885732694,4.0
19196,95.0,1.5570274225540828,0.15186862873221577,0.3414648174191836,4.0
19197,96.0,1.5655033267138962,0.17375876997643272,0.3391162265764467,4.0
19198,94.0,1.561500466786187,0.1857700367464438,0.38590891835982466,4.0
19199,94.0,1.5696933268114612,0.2091863039434295,0.4080326756436615,4.0
19200,90.0,1.6120845390528815,0.2507754431744506,0.4508383588315566,4.0
19201,88.0,1.605391461902779,0.258153920877957,0.5010451433922122,4.0
19202,85.0,1.6192205463811404,0.2645690262068172,0.550177935489367,4.0
19203,83.0,1.6096296266596495,0.27405206411186883,0.5877556253492393,4.0
19204,80.0,1.575604302885053,0.2650537119486476,0.615393689786815,4.0
19205,76.0,1.5921651819851965,0.2418268619229763,0.6653174880680046,4.0
19206,73.0,1.5115803459848367,0.22815280448979516,0.6659812413083561,4.0
19207,71.0,1.4975022010699222,0.19192870274152254,0.6455363151362793,4.0
19208,70.0,1.5532881864100272,0.17065129768452056,0.6332296528671445,4.0
19209,67.0,1.5081538715238223,0.1487530170275398,,4.0
19210,67.0,1.4866161358487844,0.1304566902786516,0.578778418417511,4.0
19211,70.0,1.411706377787129,0.10272589074036685,0.531574359003354,4.0
19212,69.0,1.3865036367548542,0.0835013048294254,0.4895350832894499,4.0
19213,68.0,1.4198676727697106,0.07031476179396835,0.4365105518360219,4.0
19214,67.0,1.475164895047788,0.057244162878016855,0.3990607396581798,4.0
19215,68.0,1.4306546296275457,0.051293860902224375,0.36471569483709215,4.0
19216,66.0,1.3565244679136237,0.018508106906080294,0.332997284376838,4.0
19217,69.0,1.3421603101162036,0.0,0.2667657815606026,4.0
19218,72.0,1.2634566395990652,0.0,,4.0
19219,73.0,1.308621551817557,0.0,0.2078939160469433,4.0
19220,75.0,1.2347976269328793,0.0,0.17571176221937185,4.0
19221,79.0,1.147364625780822,0.0,0.12291319163098721,4.0
19222,80.0,1.1662232810399569,0.003935217826526798,0.08829264745898575,4.0
19223,80.0,1.189466973168602,0.01727630780022152,0.09970934068564638,
19224,84.0,1.2679227465047107,0.01556181152266745,0.10882356700499768,3.0
19225,84.0,1.2752922458313545,0.027662396644801496,0.09804027463956953,3.0
19226,84.0,1.300923914138033,0.046425864593199466,0.10207501782996771,3.0
19227,87.0,1.2296020994560584,0.061712349456073484,0.10885061419105499,2.0
19228,87.0,1.2827363451671256,0.0865082473486744,0.1263070910539989,2.0
19229,89.0,1.2469802988378362,0.08797888522428234,0.15033050619235078,2.0
19230,91.0,1.3771572940093537,0.10245741544099467,0.17887234432505392,2.0
19231,88.0,1.3035636516321882,0.11405964143517641,0.19895186928698558,2.0
19232,85.0,1.3810580262754508,0.11783891898817005,0.22636052012435015,2.0
19233,87.0,1.4281024586982758,0.11675232018118119,0.256121994166463,2.0
19234,88.0,1.3645211252022613,0.13024720794265282,0.2888025872668713,2.0
19235,85.0,1.4088720640648364,0.14076884546563967,,2.0
19236,81.0,1.366634525316282,0.13462175774778387,0.31756894625554566,2.0
19237,78.0,1.470196259746109,0.1403813679362223,0.3680775361287336,2.0
19238,78.0,1.4508199510308704,0.12267285245996323,0.3944535631632278,2.0
19239,73.0,1.345692385247274,0.1289741167284026,0.41911791577671564,3.0
19240,69.0,1.3455639492126004,0.12633919280258435,0.4154021175738045,3.0
19241,65.0,1.2537994163426924,0.10728482597714091,0.4051210713366335,3.0
19242,65.0,1.2166498881613106,0.07831949256167724,0.3973369380264621,3.0
19243,62.0,1.1678151296376247,0.047430669889397155,0.3644777192945061,3.0
19244,62.0,1.1485618081033124,0.011562384862150311,0.30098275499738747,3.0
19245,62.0,1.151016944463444,0.0002846855686552841,0.23655395699721937,3.0
19246,60.0,1.147676407641376,0.0,0.15742209855390685,3.0
19247,59.0,1.2644545960361084,0.0,0.10567943335088767,3.0
19248,60.0,1.181387904897906,0.0,0.09366493044397971,3.0
19249,64.0,1.1681354634273944,0.0,0.062043122665501854,3.0
19250,62.0,1.1464445818970768,0.0,0.03959219764669317,3.0
19251,62.0,1.0650958838959155,0.0,0.03684283788380648,3.0
19252,62.0,0.9830516321597477,,0.017618622087902366,3.0
19253,65.0,0.978350247893682,0.0,0.00012005862499968496,3.0
19254,65.0,1.0522394568252431,0.0,0.010967908146196694,2.0
19255,72.0,1.0240664073203631,0.0,0.009040831635443336,2.0
19256,74.0,1.0629876859475622,0.0,0.02066401824965261,2.0
19257,73.0,0.9965181833784483,0.0,0.002078811321663007,2.0
19258,72.0,1.060842640454566,0.0,0.00850446976274216,2.0
19259,72.0,1.1463622132120004,0.0,0.0,2.0
19260,73.0,1.2192360529962964,0.003107465843862893,0.013524909515266435,2.0
19261,73.0,1.2181946692290329,0.006856277959867017,0.0,2.0
19262,72.0,1.1759173013723723,0.0,0.014366333193125247,2.0
19263,73.0,1.2783748654558558,0.0,0.022854116072805672,2.0
19264,77.0,1.3380717090666947,0.0,0.027632704426007678,2.0
19265,77.0,1.30094192527845,0.015777921327923525,0.025892676324979193,2.0
19266,74.0,1.2004616524441698,0.013375638477844204,0.042235231075218094,
19267,75.0,1.274047388454072,0.007042603094229389,,2.0
19268,75.0,1.2540142599779693,0.012924735940301243,0.013249486801112167,2.0
19269,76.0,1.1823672757807426,0.0040237548101191185,0.021217414524059446,2.0
19270,73.0,1.1207398987336927,0.015554972421022635,0.0,2.0
19271,69.0,1.1164897570377927,0.0013181257515568626,0.0,2.0
19272,72.0,1.166042343306816,0.0,0.0,2.0
19273,70.0,1.085847777761807,0.002012115968270556,0.0,2.0
19274,67.0,1.1198850555312727,0.0,0.0,2.0
19275,66.0,1.1375376467778955,0.0,0.0,2.0
19276,67.0,1.1222482109107825,0.000986657291441026,0.0,2.0
19277,68.0,1.1403887947165852,0.0,0.0,2.0
19278,73.0,1.0647514732410182,0.0,0.00648237006829163,2.0
19279,76.0,,0.0,0.0,2.0
19280,79.0,1.041904352540623,0.0,0.0,2.0
19281,81.0,1.0721767433392595,0.00825246324988768,0.0,2.0
19282,81.0,1.1020718022119091,0.012021155967367823,0.006517668905962649,2.0
19283,84.0,1.1016551077376175,0.015297563876318152,0.02278037914871962,
19284,82.0,1.1524773711977216,0.02602378076613672,0.0027307866601573305,2.0
19285,79.0,1.1544337432770475,0.03468035483795027,0.0,2.0
19286,81.0,1.1805661082309993,0.028933157803426365,0.0,2.0
19287,83.0,1.2414549307771265,0.03174127489798838,,2.0
19288,81.0,1.305110562612359,0.04211548977795597,0.019691895858483643,2.0
19289,82.0,1.2430559934797292,0.06158963712532399,0.04358440617333519,2.0
19290,83.0,1.2253969966014286,0.06798833204482618,0.05794685522529144,2.0
19291,83.0,1.2806805451410692,0.07419171821165252,0.08677815459972532,2.0
19292,81.0,1.372714009954549,0.0696962492453036,0.10408301757668453,2.0
19293,80.0,1.331941810505105,0.0793971364496812,0.14103385950792033,2.0
19294,83.0,1.3550861986368314,0.0746342026578618,0.1619132323883339,2.0
19295,85.0,1.3512971292265665,0.09165093799082466,0.14844007596352995,2.0
19296,81.0,1.3160624868569335,0.10176684155898896,0.24224521297733312,2.0
19297,79.0,1.232803285569958,0.0942002990287095,0.27176171153346396,2.0
19298,79.0,1.240829225201452,0.08641727127342974,0.2562972435879178,2.0
19299,78.0,1.2186139951337827,0.08139291881654874,0.25807551715013294,2.0
19300,75.0,1.2551371066548684,0.06892302319401684,0.24135245049712928,2.0
19301,74.0,1.2907736374092755,0.05385095409518205,0.2008564174773886,2.0
19302,75.0,1.212161681508354,0.04369635224423625,0.21040567472487057,2.0
19303,77.0,1.255130770034051,0.054641230372038004,0.17028294693822016,2.0
19304,78.0,1.279584419274517,0.05089678918524454,0.19852358030150746,2.0
19305,78.0,1.4003485946520804,0.043980361690385196,,2.0
19306,80.0,1.3942366030806852,,0.16817970859037182,2.0
19307,81.0,1.3857271739353991,0.05336194386619531,0.1568834061165946,2.0
19308,81.0,1.4298729427631103,0.05445047095957633,0.12995052796977055,2.0
19309,86.0,1.3716325787145478,0.07209805058259625,0.13045721008873953,2.0
19310,89.0,1.4301666167004918,0.08138820226661982,0.14429820017649608,2.0
19311,88.0,1.4151094984938752,0.11188486215184601,0.1797094684341813,2.0
19312,88.0,1.3816559097032453,0.11994676520844859,0.2331838365293865,2.0
19313,88.0,1.3752298389762527,0.1276799929704581,0.25319514371473945,2.0
19314,90.0,1.4136122632007475,0.16152475819576884,0.2913490383665051,2.0
19315,92.0,1.4741301714900166,0.16499114185809188,0.31954372442771034,2.0
19316,92.0,1.492253327770497,0.18319985697323415,0.32590303133357784,2.0
19317,92.0,1.5196143043370067,0.18241851349620078,0.33329873936398124,
19318,91.0,1.4591482376456648,0.17521015111076105,,2.0
19319,91.0,1.407866022564137,,0.41001930135507053,2.0
19320,95.0,1.4489719632364466,0.16186580182974597,0.4242992401049793,3.0
19321,91.0,1.5124565757577528,0.17829330775837077,0.4271553492720539,3.0
19322,91.0,1.4745574440609708,0.16635121070983566,0.4507289053108838,3.0
19323,89.0,1.4408339515870314,0.18336053860215126,0.4467589432584672,3.0
19324,85.0,1.3814192002066272,0.19754595655806945,0.4690107161591217,3.0
19325,87.0,1.370089589834525,0.19559018894779095,0.47781075515709914,3.0
19326,86.0,1.338060307374451,0.19523825057044714,0.5022425782534046,3.0
19327,82.0,1.3607132355949634,0.18995397913455578,0.5095003018050988,3.0
19328,83.0,1.3721814406313726,0.17663644430787703,0.528712803997039,3.0
19329,81.0,1.2321946254810658,0.17075607492010228,0.5038886338571552,3.0
19330,83.0,1.351276643805775,0.15924987789288386,0.4962769227635723,3.0
19331,85.0,1.3329279017794418,0.15729225919024978,0.4441758280926315,
19332,85.0,1.4930163206845608,0.14769411669486282,0.4420457915870921,3.0
19333,83.0,1.41366586444658,0.16075253032255304,0.4493455762527346,3.0
19334,85.0,1.3797694704474543,0.18384600465227885,0.4406753639975608,3.0
19335,88.0,1.3208199544074175,0.17770799618719837,0.47394673094164647,3.0
19336,89.0,1.3317654200518452,0.18432455828981725,0.5135448266561451,3.0
19337,89.0,1.3427951144468175,0.19675360555887142,0.5361975262216971,3.0
19338,89.0,1.3473972360626358,0.17472387568972544,0.5220599451724038,3.0
19339,95.0,1.456956123137088,0.18271434077041707,0.5052029756485831,3.0
19340,96.0,1.4661972908050653,0.19642997182896163,0.494830777027876,3.0
19341,95.0,1.5085736596237118,0.22910462192770714,0.520289272574686,3.0
19342,98.0,1.5217596314512627,0.2594594576680372,0.5524707850590389,3.0
19343,101.0,1.5677707644288932,0.27107752728717827,0.6032487062353978,4.0
19344,100.0,1.542275043979184,0.30559119222536374,0.6707979976420974,4.0
19345,99.0,1.5810835048348773,0.3109629217686312,0.6910455399993939,4.0
19346,96.0,1.6327842397505588,0.29864851295396616,0.70947807045824,4.0
19347,95.0,1.6524822656947906,0.3142848770346,0.7383847951758239,4.0
19348,93.0,1.6917950071689445,,,4.0
19349,92.0,1.7325250515081976,0.3287842442842632,0.8064271997639452,4.0
19350,96.0,1.808580844941179,0.31723374022957657,0.8389668626476079,5.0
19351,97.0,1.7821767739968752,0.3715809754350192,0.8251922359042041,5.0
19352,93.0,1.7377073637746399,0.37374655241713844,0.8556161957084456,5.0
19353,92.0,1.7702758742438722,0.37927933248408485,0.9235415331263841,
19354,89.0,1.7683496539039112,0.3736467294892163,0.9674688876492109,5.0
19355,87.0,1.7805465910085596,0.3725579527268864,1.0052490918826749,6.0
19356,85.0,1.7917413494632843,0.3677984615123901,1.0202188004076027,6.0
19357,86.0,1.772763288896661,0.3507919485135155,1.0472429414233335,6.0
19358,83.0,1.7117728773443546,0.3316605899670569,1.0618151413047856,6.0
19359,81.0,1.6122077762077325,0.32514935188349015,1.054826105008873,6.0
19360,78.0,1.6629461056840527,,1.0350892361154582,6.0
19361,81.0,1.68794861536461,0.28907080786204653,1.0196192286369017,7.0
19362,83.0,1.6585511257348613,0.2813661001161972,0.9898787335486227,7.0
19363,81.0,1.6297271119068848,0.28826742641519815,0.9585563629514937,7.0
19364,80.0,1.6135062939515108,0.2760083905734437,0.9324319712746902,7.0
19365,81.0,1.6037510003400195,0.2635193140629797,0.906138890230526,7.0
19366,82.0,1.6589189423026502,0.23151210284841867,0.8737297529711818,7.0
19367,87.0,1.5799524167319896,0.24001565930377564,0.833709050518385,7.0
19368,86.0,1.607625330577269,0.23547188695510357,0.7995878882751329,7.0
19369,87.0,1.582261859572435,,0.7676411045480027,7.0
19370,93.0,1.6358712714534485,0.24009938848842324,0.7421500735494133,7.0
19371,96.0,1.7112385549300875,0.259364984148412,0.7228196213168235,7.0
19372,101.0,1.69533171325368,0.2840154240018908,0.7552481531005978,7.0
19373,102.0,1.6781276452504044,0.3014905046431945,0.7645910842970187,6.0
19374,106.0,1.7404594657932237,0.3130838904235956,0.7583819268559635,6.0
19375,107.0,1.7552475470258149,0.34760106853470757,,6.0
19376,107.0,1.770255695534719,0.3780112255709894,0.8534095213224444,6.0
19377,103.0,1.8913145540607124,0.3908232701381987,0.9072155865330379,6.0
19378,107.0,1.9385976484682448,0.41277334892258977,0.9730583473433275,
19379,109.0,1.9850869012149064,,1.0201333161000221,6.0
19380,106.0,2.034719851720272,,1.0730145556908917,6.0
19381,105.0,2.0532461730630094,0.4703832698315036,1.1564698695160651,6.0
19382,103.0,2.0407896175413245,,1.2144036243398253,6.0
19383,104.0,1.992427279182678,0.5089572990558261,1.2841099794902961,7.0
19384,104.0,2.0684181038441496,0.5015031823504167,1.3275316019524666,7.0
19385,98.0,2.0522717220441966,0.5165727069253745,1.3640610351188256,8.0
19386,96.0,2.0687576019387715,0.5299525920966929,1.420428827850781,8.0
19387,92.0,2.0180770308811176,0.542228826575307,1.4671941116854559,8.0
19388,86.0,2.043625903616645,0.5210191804271279,1.5168152887449622,8.0
19389,82.0,2.048260879760314,0.5029272780640214,1.543310993704747,9.0
19390,78.0,1.9295947354279481,0.4839266272848807,1.5558913366375924,9.0
19391,73.0,1.877167932344082,0.4604693047213628,1.5425045535102655,9.0
19392,71.0,1.8680175174763978,0.4227728925088564,1.515315636173827,9.0
19393,72.0,1.8104334194360128,0.38877145289639053,1.453079314472459,9.0
19394,70.0,1.7214730850798632,0.36785978738546277,,9.0
19395,75.0,1.7658996334375425,,1.3457413124107824,9.0
19396,73.0,1.8076092047720107,0.3380127078258332,1.2852784194732143,9.0
19397,80.0,1.8594573254837672,0.31433038279000297,1.2779118103742937,9.0
19398,83.0,1.8568830564104666,0.3062226024888585,1.2095854507529276,9.0
19399,89.0,1.8697161455300815,0.3083079673489161,1.141337861522589,9.0
19400,94.0,1.9311022815104821,0.33070702073540376,1.1378950013051614,9.0
19401,98.0,1.9628970527871943,0.34433613135999436,1.049933529265477,9.0
19402,101.0,1.9643948056560112,0.35420369993844153,1.0622764076518498,8.0
19403,106.0,1.9960340500839453,0.37961212369352754,1.0438180420473642,8.0
19404,108.0,2.015527174779248,0.3994943325851281,1.0365990083273071,8.0
19405,108.0,2.098105159268263,0.4251753945304487,1.0682110111750835,8.0
19406,113.0,2.106583775715058,0.4448658383827031,1.1108582720176687,8.0
19407,114.0,2.1362738828507695,0.47885669547937665,1.1717693948353038,8.0
19408,116.0,2.1664557834895657,,,8.0
19409,119.0,2.1109783736039556,0.5364480894610341,1.3145141442812578,8.0
19410,118.0,2.140818990878567,0.5815836547414652,1.3817241928819253,8.0
19411,114.0,2.222776471837084,0.594798065496972,1.4191649042780967,8.0
19412,112.0,2.1654792907576477,0.6163826381046473,1.4777272363360419,8.0
19413,113.0,2.19598669419327,0.6456610872969742,1.559070441096089,9.0
19414,104.0,2.182820633878812,0.6544397524571065,1.6558097791609894,9.0
19415,101.0,2.1618946587779533,0.6699006569826281,1.6996480239686207,10.0
19416,98.0,,0.6703713496974326,1.7891152790116742,10.0
19417,92.0,2.1781248609186785,0.6634055896651827,1.8236865302911298,11.0
19418,84.0,2.103693439304316,0.6410109163058978,1.8619596634014919,11.0
19419,77.0,2.1029191075042792,0.6079478882710978,1.8875373652118084,11.0
19420,72.0,1.9979248677920507,0.5641391722964718,1.8775968926457256,11.0
19421,70.0,,0.5194202023606812,1.8507632176169593,12.0
19422,69.0,1.9526010728552978,0.49320120967336606,,12.0
19423,67.0,1.9751846101988253,0.44748729960350764,1.7474598781104593,12.0
19424,64.0,2.011018814771836,0.4135249361741802,1.6913361362813708,12.0
19425,70.0,2.026263730600733,0.38128834888512747,1.5786363785881634,12.0
19426,75.0,2.040537043022497,0.3413532089754183,,11.0
19427,81.0,2.0255736066791368,0.3256854197862052,1.4063430291733172,11.0
19428,82.0,2.053179346635355,0.33329956371825536,1.3490848736612762,11.0
19429,91.0,2.1015025080661345,0.3428749144992342,1.250799626585601,10.0
19430,95.0,2.123494977160731,0.3647151105485604,1.2254757675619625,10.0
19431,99.0,2.0451498481287933,0.37490117327541495,1.1630731741941223,10.0
19432,103.0,2.1913305759695003,0.4090619691222585,1.1352164583607613,9.0
19433,108.0,2.237157814281865,0.435463063351237,,9.0
19434,112.0,2.3444977040503248,0.46885497741615667,1.1929664550975525,8.0
19435,114.0,2.399032012257945,0.5210596575670053,1.2163649282343525,8.0
19436,117.0,2.4346097686172823,0.5795812691197805,1.271407149901577,8.0
19437,120.0,2.402178330845422,0.6228877755888707,1.3747924686303716,8.0
19438,117.0,2.3121987494672425,0.6552697446564393,1.4568668620337542,8.0
19439,114.0,2.4120593088398428,0.6871803866553325,1.5696236668911316,8.0
19440,114.0,2.3867634461340552,0.7087203188671947,1.6744766472783295,9.0
19441,107.0,2.272878930304431,0.7439089293347094,1.7762849410572958,10.0
19442,102.0,2.282052962965663,0.7640113126188818,1.8306636431075123,11.0
19443,95.0,2.38428415077666,0.7573172414314733,1.955176225231743,12.0
19444,89.0,2.306544341341418,0.7241424410323064,2.037439371131876,13.0
19445,82.0,2.3583714359752515,0.7185397807472597,2.0751350780347786,13.0
19446,76.0,2.291631145526897,0.6843160116124187,2.103831242023831,13.0
19447,69.0,2.2122519655284156,0.6530292290209617,2.0737233770454333,13.0
19448,64.0,2.2423831813457498,0.6146306765536791,2.0699299289801827,13.0
19449,58.0,2.2158621628570976,0.5428654949092945,2.025238472321449,13.0
19450,56.0,2.191129147094099,0.4874641374689607,1.936547975014486,13.0
19451,58.0,2.1638897677265665,,1.874185042181706,13.0
19452,60.0,2.219722682278473,0.39724902888211666,1.8026043694714007,13.0
19453,66.0,2.1398613912442843,0.361312127088137,1.6796814457941611,13.0
19454,69.0,2.1073237267546334,0.3362830038280882,1.5563278022015619,12.0
19455,74.0,2.047364017612626,0.29764239066322973,1.4150723465772268,12.0
19456,82.0,2.0302201468036736,0.3030630374252806,1.283660764548683,11.0
19457,90.0,,,1.2351885824553974,10.0
19458,97.0,1.9844976280754516,0.3027943052587086,1.158776367701915,10.0
19459,103.0,1.9685917628055674,0.33041365376847076,1.1008450726825463,9.0
19460,106.0,1.9856566435411844,0.3589969045179023,1.0804541757248922,9.0
19461,112.0,2.0101195396143243,0.377200347315974,1.0761018104008933,9.0
