timestamp,admissions,avg_length_of_stay,bed_occupancy_rate,staff_workload,adverse_events_rate
18362,76.0,2.4661663335061252,0.6414813121229334,2.0093017034609306,12.0
18363,74.0,2.457180715655757,0.6202100422173004,2.00502457941374,13.0
18364,68.0,2.416469656183449,0.5996301964772702,2.0141433275592764,13.0
18365,64.0,2.4453520482255984,0.5629574548755107,1.9276393890135026,13.0
18366,62.0,2.4053592191696205,0.5293420741404178,1.88369597773169,13.0
18367,60.0,2.3963696323439043,0.48897317652562544,1.839338236287353,13.0
18368,65.0,2.411518837416,0.4466073133922395,1.7810156509108808,13.0
18369,68.0,2.353888433967252,0.41829897921431364,1.692388516646294,13.0
18370,72.0,2.2305425475546548,0.38854891012043624,1.5835341424140394,13.0
18371,72.0,2.197260068234135,0.3729220783031322,1.5013577032657568,12.0
18372,78.0,2.183549126932763,0.3692996488176673,1.4348612929932816,11.0
18373,83.0,2.0223719261129096,0.37165491093919256,1.3563873100226773,10.0
18374,90.0,2.0877150732154766,0.3682860924823837,1.327160285525716,10.0
18375,93.0,2.1551396996122496,0.38651021034132854,1.2842085566880348,
18376,97.0,2.088951801385298,0.4237228074705413,1.255755255306578,10.0
18377,97.0,2.0784821209806075,0.45646959116935365,1.2463849014928983,
18378,97.0,2.0038707544196233,0.4625594047727837,1.2702489399549626,
18379,100.0,1.9398068557196837,0.47108853120180705,1.2636403873470203,9.0
18380,104.0,1.886110108071905,0.47908179298271814,1.2785223004868889,9.0
18381,105.0,1.8234357531292835,0.49490717771807763,1.3070642602678093,9.0
18382,105.0,1.8303147413148841,0.5044289931834822,1.3266751977090243,9.0
18383,102.0,1.9734333404645648,0.5157889279664343,1.3498294187390996,9.0
18384,105.0,1.9242382407798237,0.5290843018938427,,9.0
18385,104.0,1.9415583082954655,0.5428709490477086,1.4693041074900053,9.0
18386,101.0,1.938533001414916,0.5313124493785086,1.4867827890357812,9.0
18387,101.0,1.9752104895310778,0.538605713312693,1.5037165812195685,9.0
18388,101.0,2.0366992292392334,0.5345974658929276,1.554355340558196,9.0
18389,99.0,2.1028169455979238,0.5460708574934467,1.5833054846605783,9.0
18390,97.0,,0.5416110180388333,1.5964580963400612,9.0
18391,97.0,2.1474362960274447,0.5283605085326453,1.5911585897405298,10.0
18392,95.0,2.105973490405956,0.5481046249688512,1.5726196799477212,10.0
18393,94.0,2.086255518759383,0.56672647611024,1.563085782304358,10.0
18394,91.0,2.0643849591272976,0.5775661470626408,1.5855035812176512,10.0
18395,90.0,2.067445665342985,0.5763491638617935,1.6308123276227497,10.0
18396,85.0,1.9885397710954702,0.5760630794793202,1.6729934631518277,10.0
18397,84.0,1.942929651922535,0.5534637543613651,1.6778719325253395,10.0
18398,79.0,2.0237080740976814,0.5267835882171216,1.6701913611622003,10.0
18399,76.0,2.065271585941368,0.5194722998538223,1.627536264422435,10.0
18400,74.0,2.0607292606212977,0.48538718224746463,,10.0
18401,72.0,2.065937562378565,0.45973456453946643,1.5802594814095658,10.0
18402,71.0,2.020492916647808,0.43115127433020567,1.572021267261427,10.0
18403,71.0,2.0316321432900497,0.40181273949905927,1.539770271158998,10.0
18404,72.0,2.02723182726064,0.36337166832716983,1.450368511248438,10.0
18405,70.0,2.086668958172346,0.3681644577741984,1.3910788320238676,10.0
18406,71.0,2.0234022933535054,0.34107024322286655,1.3213447883185907,10.0
18407,78.0,1.8985736294466968,0.3316443902623604,1.2402631160737965,10.0
18408,83.0,1.8479745066023099,0.297134284892062,1.1854770425788512,10.0
18409,90.0,1.7927855704710367,0.3023270838332903,1.1173559958627173,9.0
18410,92.0,1.7354079869715473,0.31341533917903813,1.084634910425457,9.0
18411,95.0,1.780893564523838,0.3182195591960629,1.0611396706726908,9.0
18412,96.0,1.7895901982960916,0.3360954141511936,1.0392582157820907,9.0
18413,96.0,1.7306575504227706,0.36279279369209694,1.0149491750991364,8.0
18414,98.0,1.841942502563511,0.35107649869578345,1.0923899869677671,8.0
18415,101.0,1.8682488602683387,0.3710826646516871,1.0949803373592706,8.0
18416,103.0,1.9003482517772696,0.3895484797914953,1.0956084030053586,8.0
18417,102.0,1.9549553183053787,0.38270019301902103,1.1233338258097794,8.0
18418,102.0,1.9524452320951167,0.41731996046614045,1.1472377057016934,8.0
18419,102.0,1.9208918139253366,0.4233651397344905,1.1556477963492398,8.0
18420,101.0,1.9676689672179146,0.44890633804728153,1.1888608866623853,8.0
18421,98.0,2.019368332427601,0.4720886865572265,1.2442107795877702,8.0
18422,93.0,2.074010370439791,0.4821956552818413,1.2609843425799976,8.0
18423,86.0,2.0287560477206634,0.48425121415969574,1.2822564688131037,8.0
18424,85.0,2.0293073913011637,0.47570082892896837,1.300014130924937,8.0
18425,83.0,1.933449267728283,0.4588827199894443,1.3100489551015846,8.0
18426,77.0,,0.44285277760924235,1.2832915487867993,8.0
18427,69.0,1.9076580969319685,0.4243265869873898,1.319558077511758,8.0
18428,68.0,1.8998873866256138,0.4106287830117184,1.335021341260629,8.0
18429,69.0,1.9174905609734763,0.36882706431227036,1.3239214982026586,
18430,64.0,,0.3468932343820353,1.2702541646353391,
18431,63.0,1.9377337026318038,0.3148433340081216,1.2138575043788005,8.0
18432,65.0,1.9508734065610487,0.28599308233544557,1.1598059974851411,8.0
18433,63.0,1.9441854439332633,0.2547486741416235,1.0862783176078752,8.0
18434,66.0,1.853963037892247,0.22733716131001247,1.039359642185529,8.0
18435,69.0,1.8593762919983599,0.20784861843178468,0.9756993075330084,8.0
18436,73.0,1.791995589346011,0.17195687376579272,0.9025830338417514,8.0
18437,74.0,1.8126437901964991,0.18038236128765597,0.8270137031521055,8.0
18438,75.0,1.7679028378852653,0.18388115036249678,0.7939180680376544,7.0
18439,78.0,1.7477181569607192,0.18704218795209618,0.7165860483249508,6.0
18440,86.0,1.6728430655542805,0.18268811188923506,,6.0
18441,91.0,1.6891662217433328,0.19660933626304822,0.6680878460583042,6.0
18442,94.0,1.6865734681046498,0.22082819546145557,0.6309987339436691,6.0
18443,93.0,1.7112269322091862,0.23132206441487446,0.6199026428063148,6.0
18444,96.0,1.7995988670660163,0.2400204585931839,0.6474831914061442,6.0
18445,98.0,1.7684098095799747,0.2623784496851231,0.6628172117887401,6.0
18446,97.0,1.7461168797932374,,0.6677938517498957,5.0
18447,97.0,1.8749467264053128,0.3112457591383262,0.7041940137155946,5.0
18448,98.0,1.8918197009018618,0.3200614568635645,0.772389100348849,5.0
18449,96.0,1.9005585143709858,0.3420060687812038,0.8234053791165544,5.0
18450,91.0,1.8564420347738342,0.3598407802868329,0.8949083475918697,5.0
18451,88.0,1.854106716743538,0.3665588403199248,0.9352979795330036,5.0
18452,82.0,1.9151582285060709,0.3515171180054733,,5.0
18453,78.0,1.8790795349191882,0.3634348547173883,0.9726109984274055,6.0
18454,76.0,1.8211443813261945,0.3467117914899857,0.9897954096372328,6.0
18455,76.0,1.7418450615137937,0.333139991565093,1.0098278375737133,6.0
18456,73.0,1.6729554112705634,0.30797276914189414,0.9825947078197341,6.0
18457,68.0,1.70792234352118,0.28610464432939636,0.9644624772758269,6.0
18458,66.0,1.7866897913698654,0.2446552399309115,0.9469275799962139,6.0
18459,61.0,1.733442417980484,0.21921595545081207,0.90072737432027,6.0
18460,62.0,1.7686494644083088,0.17655806092064397,0.8467784261420149,6.0
18461,63.0,1.6374393873084432,0.15958346542164828,0.8238437699317354,6.0
18462,64.0,1.5683846870728706,0.1415071725606671,0.7552080507466923,6.0
18463,62.0,1.6295342080004078,0.11849895799951354,0.7034659029767177,6.0
18464,64.0,1.6122562430353977,0.11337624872493407,0.6409843641567955,6.0
18465,64.0,1.5098401358074416,0.10245146440705626,0.598459901806865,6.0
18466,65.0,1.4990357076089813,0.07913432468016791,0.5389161477972093,6.0
18467,66.0,1.459905658053778,0.057216545384068986,0.4934973524758669,6.0
18468,70.0,1.5122315937376625,0.05848809063241179,0.4171193378963608,5.0
18469,71.0,1.458815671865254,0.06091248537292818,0.32938624834229907,5.0
18470,76.0,1.4872281728749281,0.055228437669957345,0.2809777015096632,4.0
18471,83.0,1.4823044231110805,0.06416656889393432,0.2974480355000147,4.0
18472,87.0,1.4817738910563294,0.06773120421464202,0.2498520972215926,4.0
18473,86.0,1.4732608323366279,0.10102284982734121,0.2114968865050281,4.0
18474,88.0,1.4939907620926658,0.12298726371567893,0.22139598322680615,3.0
18475,92.0,1.5183767169780888,0.141551207756508,0.27562478864729534,3.0
18476,92.0,1.5797713252640555,0.14316151265013477,0.3118235920901206,3.0
18477,90.0,1.5913720198712091,0.15936621550190744,0.3218416196789451,3.0
18478,92.0,1.5308990112088294,0.18296448737741805,0.3301171443411274,3.0
18479,90.0,1.4476030250703198,0.19181936245258463,0.39775459596030016,3.0
18480,91.0,1.485330516803456,0.2088994220522617,0.428264516518901,3.0
18481,87.0,,0.22885797585895717,0.4696576292977784,3.0
18482,81.0,1.5938881133376597,0.23802865309863833,0.5410728608125256,3.0
18483,83.0,1.6296368912278942,0.22356182491576015,0.5679960550701565,3.0
18484,82.0,1.7578225719782277,0.2306619797523828,0.5848700066311735,3.0
18485,79.0,1.6904814864258173,0.2512825724956146,0.6108946083401965,3.0
18486,72.0,1.664747060093257,0.2537581648435238,0.6271401664385875,3.0
18487,69.0,1.63738044918521,0.24411412519709028,0.663122489380022,4.0
18488,66.0,1.6196745373567778,0.2114071173915444,0.6692244725727838,4.0
18489,64.0,1.5513311163554682,0.18714064925451263,0.6318663735595376,4.0
18490,59.0,1.5318864058199357,,0.6187729621439568,
18491,52.0,1.516833756590639,0.13804217914867578,0.604442651695144,4.0
18492,51.0,1.5206155040666518,0.09295459937144335,0.5491239135644582,4.0
18493,54.0,1.519155261078129,0.061947664052065546,0.5087432769384421,4.0
18494,55.0,1.4762043490136818,0.028634784086740833,0.44703098932883806,4.0
18495,55.0,1.3746678955153138,0.0,0.34435847819075716,4.0
18496,60.0,1.4158949766944753,0.0,0.24133962340074677,4.0
18497,64.0,1.3673915221077158,0.0,0.19627206323765317,4.0
18498,65.0,1.4092598223330353,0.0,0.13049669686848178,4.0
18499,66.0,1.3269963744542956,0.0,0.11127311512578314,3.0
18500,71.0,1.2710656518532182,0.0,0.07053382921526043,3.0
18501,73.0,1.1727239473285658,,0.026496478270406767,3.0
18502,75.0,1.1134683526248252,0.0,0.0011180351746954455,3.0
18503,80.0,1.1037877488142693,0.0,0.0,3.0
18504,79.0,1.2025485990505507,0.0,0.01659464835758349,3.0
18505,82.0,1.2637671685636174,0.019955777155642056,0.0,2.0
18506,81.0,1.292041965808498,0.0343879772493816,0.018785250621395168,2.0
18507,80.0,1.3573698994580359,0.05290633842297611,,2.0
18508,81.0,1.3879125044965688,0.064057375981561,0.05535852028610708,2.0
18509,82.0,1.4171412845777063,0.060592370131380816,0.08225019880033749,2.0
18510,79.0,1.3940252471379113,0.06873264569885724,0.1186765245479286,2.0
18511,78.0,1.4785886974744304,0.08599467933001374,0.11033555315554486,2.0
18512,77.0,1.4741050911878624,0.09169511361138023,0.1351770941161177,2.0
18513,78.0,1.407501590507146,0.08393053290357363,0.1618151776587352,2.0
18514,78.0,1.4660352685069036,0.07896199491473023,0.1845985518798399,2.0
18515,78.0,1.4400791959061132,,0.2047010175063232,2.0
18516,76.0,,0.08309582473125299,0.21820377731124752,2.0
18517,75.0,1.4702910120723784,0.10604818505684185,0.20870079603505018,2.0
18518,74.0,1.4608352732492784,0.09974343317488135,0.25965476112856595,2.0
18519,70.0,1.381866702080423,0.11178792711694455,0.3074201758711439,2.0
18520,63.0,1.3834738296977906,0.09319382896976762,0.3121006726084371,2.0
18521,60.0,1.337133003691821,0.06298138322308285,0.29573437902061483,2.0
18522,61.0,1.336508025602772,0.03400760570821109,0.2687811297804249,2.0
18523,59.0,1.3217760586384522,0.02188393251080174,0.22880329958560014,2.0
18524,57.0,1.2395800138644923,0.027339765271962375,0.22106659078969687,2.0
18525,58.0,1.2352733729470127,0.002765837134480591,0.2042348085012822,2.0
18526,58.0,1.224754399249603,0.0,0.12066134162676342,2.0
18527,62.0,1.2103387355363027,0.003595222003522202,0.10387870661089683,2.0
18528,61.0,1.215320110902047,,0.0973971103551442,2.0
18529,62.0,,0.0,0.08902794121096033,2.0
18530,64.0,1.195059683074035,0.0,0.08959144184761654,2.0
18531,70.0,1.1549445564184195,0.0,0.06733281246960583,2.0
18532,75.0,1.1820409966658825,0.0,0.042570769892265825,2.0
18533,73.0,1.1094199646610199,0.0,0.07147591942124831,2.0
18534,76.0,1.1578383164174282,0.0,0.05724824566894187,2.0
18535,75.0,1.1257916735995344,0.0,0.027290104013961754,2.0
18536,76.0,1.132908853680788,0.0,0.034854808047642544,2.0
18537,83.0,1.1640350394348653,0.0,0.021890313477978294,2.0
18538,86.0,1.1349752089975864,0.02406282357057034,0.037449426251698795,2.0
18539,86.0,1.1858200406221968,0.03859738944012019,0.04333482208335033,
18540,84.0,1.1792011305700802,0.0361197797687864,0.053766678582839234,2.0
18541,85.0,1.2659426306046289,0.03931081915814227,0.06382874310131173,2.0
18542,83.0,1.1634966926822456,0.044791013212813945,0.07887515982152421,2.0
18543,81.0,1.0918813227503668,0.05591392713166129,0.07726748800839515,2.0
18544,83.0,1.1114539066059104,0.048531527455624036,0.0512510255437315,2.0
18545,83.0,1.166309360456423,0.040145135203990795,0.06608990622940927,2.0
18546,84.0,1.2084883407899953,0.03827816450949945,0.0785989172341931,2.0
18547,83.0,1.2423501861129538,,0.08752256505164135,2.0
18548,80.0,1.188405813488805,0.07494021392504466,0.1167334565856964,2.0
18549,81.0,1.1959700187005138,0.07773021488988019,0.14229673893620803,2.0
18550,79.0,1.2372684340363305,0.07924264987455786,0.1793017316982442,2.0
18551,74.0,1.3063672339394978,0.07475597895426825,0.1740342967109484,2.0
18552,74.0,1.2330955764597742,0.06376631709112607,0.15596968435774683,2.0
18553,71.0,1.1633331598461898,0.07057539191222438,0.173251379511425,2.0
18554,71.0,1.1917800097097935,0.04399850851243452,0.1987512887732048,2.0
18555,71.0,1.1144686130855554,0.022901359529718824,0.19734470049109226,2.0
18556,72.0,,0.0190270240959803,0.14696610981533492,2.0
18557,70.0,1.0133984696024434,0.012155130301574526,0.13419794757652723,
18558,71.0,0.9299584165480658,0.0,0.0833553808149254,2.0
18559,73.0,0.994897382699521,0.0,0.060095348924998494,2.0
18560,76.0,1.0361634611735808,0.0,,2.0
18561,78.0,1.0093712436471522,0.0,0.013105723588132723,2.0
18562,82.0,1.114650873907692,0.008098804586142863,0.0,2.0
18563,83.0,1.157537338529493,0.024638254596619003,0.045104691665701024,2.0
18564,87.0,1.231871937962334,,0.05134476695623134,2.0
18565,88.0,1.2065466781038867,0.06234432024708092,0.07078275261407899,2.0
18566,88.0,1.1252978019259592,0.0805613687337998,,2.0
18567,91.0,1.2625062618378173,0.08320669887557924,0.11654860861858114,2.0
18568,89.0,1.2838208977346983,0.10937584719723943,0.16999242453083008,2.0
18569,92.0,1.3652677422780735,0.13730303219664153,0.21287706514649482,2.0
18570,91.0,1.346879053989368,0.14917938343360504,0.25953022812497323,2.0
18571,83.0,1.3782698225173893,0.1658007020111067,0.29800210593301096,2.0
18572,81.0,1.3681172065801679,0.16748194583468554,0.31486182428068266,2.0
18573,80.0,1.459402644810636,0.17900746470077056,0.3430625155429942,2.0
18574,79.0,1.4232958666419309,0.17683904741529385,0.3666888498771059,2.0
18575,77.0,1.4427377206391137,0.16231086107642248,0.41736161696611307,2.0
18576,75.0,1.4642919371035172,0.15452578094091654,0.44037062846156666,2.0
18577,73.0,1.4271323122373107,0.138036177494528,0.44147648807148765,2.0
18578,74.0,1.3872091652001208,0.12398473158724074,0.43117294803649137,3.0
18579,71.0,1.407516351419086,0.10770488111603763,0.3952651802737547,3.0
18580,71.0,1.3599333546792152,0.08795992288503186,0.3549127396036285,3.0
18581,71.0,1.3641275896649894,0.07088770070582193,0.32844618897105327,3.0
18582,72.0,1.2934979500073867,0.06695403645760144,0.2695722417616535,3.0
18583,73.0,1.2837431896052005,0.08399390795186787,0.2628262157752418,3.0
18584,72.0,1.1776460152047632,0.07280081535186947,0.24399619625129898,
18585,77.0,,0.0524945358587814,0.27365447324922754,3.0
18586,74.0,1.2132303838068024,,0.2577949630610013,
18587,76.0,1.1982804086612011,0.05326061774629138,0.2368661111261483,3.0
18588,78.0,1.2880535623721232,0.06035188538684547,,3.0
18589,80.0,1.1982502571878066,0.05071364383802907,0.24363625009136952,3.0
18590,82.0,1.1971423467445743,0.07063115306559045,0.2578563646831543,3.0
18591,84.0,1.2314865823375698,0.05731588266716074,0.2782024721082432,3.0
18592,85.0,1.1970887845853357,0.058640223603184785,0.24020625866589704,
18593,91.0,1.2017758269085783,0.07452220389822946,0.20525188523337812,3.0
18594,93.0,1.2134301637650189,0.08244406940818787,0.20430433802203518,3.0
18595,96.0,1.2282596856373376,0.10494133389220008,0.19086406906581244,3.0
18596,100.0,1.2565960264000684,0.1169091330876279,0.19792243714230084,3.0
18597,101.0,1.268434441317341,0.147499967606382,0.18674288919437604,3.0
18598,101.0,1.2684525388573333,0.16293794033736803,0.2245387007899523,3.0
18599,96.0,1.2043901575979694,0.16499072094300057,0.2652564212772392,3.0
18600,99.0,1.2378444830099897,0.17336087501146544,0.3389663251517607,3.0
18601,101.0,1.2986278239889495,0.17035445720254655,0.39055372946092254,3.0
18602,102.0,1.5389157367680129,0.1729367168069745,0.44914959088548817,3.0
18603,99.0,1.5425847977396319,0.20056815389533703,0.4516850442278001,3.0
18604,102.0,1.5827201119855492,0.22112693838913974,0.45908754093863513,3.0
18605,102.0,1.549424870799143,0.2530803840918885,0.4853270702700825,3.0
18606,102.0,1.6367653007715781,0.27549945235168183,0.5534829827663572,3.0
18607,99.0,1.578588054560962,0.30750251926843386,0.6041921117017613,3.0
18608,98.0,1.5743386323114823,0.3214476185471998,0.67214946458588,4.0
18609,94.0,1.598448486626896,0.3289776204015856,0.7128033262324573,4.0
18610,88.0,1.646174367313307,0.32899350670054167,0.7630382601197103,4.0
18611,85.0,,0.3228144332576047,0.8206363080201098,4.0
18612,79.0,1.5634403572314775,0.31869817002811546,0.7903749869526363,5.0
18613,74.0,1.5972366951062855,0.31000563726989333,0.8328523112183001,5.0
18614,70.0,1.6528540500707065,0.29724409003869645,0.8475541255921971,
18615,71.0,1.57282705555166,0.266019405304551,0.8458102003356953,5.0
18616,71.0,1.5353906261010997,0.24662732612421448,0.8248527761230133,5.0
18617,73.0,1.424626192243398,0.2238399718339713,0.7804923157962832,5.0
18618,75.0,1.435658151132405,0.21633182719442282,0.7417715161880948,5.0
18619,73.0,1.4581628934326207,0.21299192401002034,0.7378661513227256,5.0
18620,81.0,1.4217206965838014,0.19371052907603972,0.7199555229497258,5.0
18621,81.0,1.5211252908225126,0.19451228026987463,0.6936314730310794,5.0
18622,84.0,1.5399387512773541,0.19477233636899008,0.6467773350771557,5.0
18623,89.0,1.4625362344550479,0.18888941516261665,0.6260131592146858,5.0
18624,91.0,1.4316618981249758,0.20223692357418285,0.5831980966905514,5.0
18625,93.0,1.473158227335316,0.22472105463593575,0.5621573601252658,5.0
18626,97.0,1.5699113773472186,0.2207502352376333,0.5279154089195627,5.0
18627,96.0,1.664742742093064,0.23664093941343253,0.5465539361359101,5.0
18628,100.0,1.6692077102956826,0.2588233666341318,0.5882120869824882,5.0
18629,103.0,,0.27643477715625064,0.634933863817559,5.0
18630,104.0,1.6343318047242266,0.2969765706588993,0.677217232767729,5.0
18631,106.0,1.6973846758063917,0.32387859734442054,0.7082291032182442,5.0
18632,108.0,1.6171341582921646,0.3630030185337292,0.7541853462076262,5.0
18633,110.0,,0.38012233140484575,0.8153791141688244,5.0
18634,107.0,1.5726343099719975,0.39898071997369533,0.8844644708100264,5.0
18635,102.0,1.6207411686631774,0.4134330732316606,0.9450922714542395,5.0
18636,102.0,1.6573048260363292,0.4412613316848623,1.0045016937180566,5.0
18637,98.0,,0.466879489878762,1.0724047299138189,6.0
18638,93.0,1.711075222413584,0.4731001319257777,1.1491122795753597,6.0
18639,89.0,1.7663881921664137,0.46802597410408797,1.1638085087440113,6.0
18640,86.0,1.7647374387931931,0.4571491375696727,1.236241807253535,6.0
18641,81.0,1.6546311031349286,0.4509734699313429,1.2613937540557916,7.0
18642,79.0,1.7144279212205313,0.43743230267284494,1.2913699712636766,7.0
18643,75.0,1.6652968081407196,,1.3285449765011268,8.0
18644,68.0,1.6779530740923563,0.3794872087757803,1.327590267403845,
18645,69.0,1.6139939165744064,0.3410456911535353,1.2837473442457277,8.0
18646,74.0,1.6329078831932118,0.30691824821562874,1.2165094600855362,8.0
18647,75.0,1.6155173512653282,0.28009199071831403,1.1671826703060462,8.0
18648,76.0,1.6660405211330271,0.24395475130936953,1.1281673771728788,8.0
18649,80.0,1.6718688799231758,0.23316478536262855,1.0142827264550263,8.0
18650,84.0,1.7087529453179238,0.2395198709298014,0.9309018032303923,8.0
18651,89.0,1.7666340269427787,0.22155819799284399,0.8864514791373693,8.0
18652,92.0,1.8036514826823449,0.22882514005362273,0.8278526248220811,8.0
18653,95.0,1.8597631178196223,0.24436009852425639,0.7414374195034057,
18654,102.0,1.7902927130948774,0.2558427158241937,0.7419541641539378,7.0
18655,105.0,1.787231084037823,0.2915262675863277,0.7378871546132866,6.0
18656,110.0,1.731702299483017,0.3195913362832352,0.7683865540408285,6.0
18657,113.0,1.7289866805550678,0.36066573355625187,0.7801214066036722,6.0
18658,118.0,1.7400904832988309,0.381300908711122,0.8304685224789762,6.0
18659,119.0,1.8375888718668174,0.427594957798314,0.8710819666392468,6.0
18660,124.0,1.9391401080512651,0.456495241710224,0.9712965017781681,6.0
18661,120.0,1.9379463681963278,0.5121431423765411,1.0965673831794458,
18662,119.0,1.8630651299316037,0.55619433947339,1.1468767878083097,6.0
18663,115.0,1.9010237434719879,0.5892213080658408,1.2556638310466988,7.0
18664,111.0,1.8874995743556229,0.6021032951107081,1.3746676859141158,8.0
18665,106.0,1.9656936356880155,0.6032375441565422,1.4943406080287402,9.0
18666,100.0,2.0584787938947646,0.5943183667347507,1.5469260501916644,9.0
18667,95.0,1.9914680847933077,0.6042158453714934,1.6215425830741164,9.0
18668,89.0,1.9339781670900722,0.5875697937168897,1.6847559517881225,10.0
18669,80.0,1.9097795653115404,0.5500740806267891,1.6789295892869431,11.0
18670,77.0,1.9160463686265836,0.5324344992554084,1.6480896664455822,11.0
18671,73.0,1.9094350789161598,0.5308564709453328,1.6045604475321469,11.0
18672,66.0,,0.4989669477352768,1.5874991166507175,11.0
18673,66.0,1.9556832823794628,0.45923367992193465,1.5821526653346023,11.0
18674,69.0,1.9471992924110195,0.4121701270345121,1.5270179249478617,11.0
18675,71.0,1.9210373396319251,0.38332912057592433,1.4508241286791215,11.0
18676,74.0,2.0095561601655842,0.35034409793549226,1.3830966173084875,11.0
18677,75.0,1.9801745398208968,0.3278667620423736,1.334311903186557,11.0
18678,80.0,2.036955249144023,0.3286873091247291,1.2668555097196255,10.0
18679,82.0,1.9788881938653804,0.3272275504782177,1.1676491223583543,10.0
18680,87.0,2.0524604193226312,0.32357024030669285,1.1262224885349905,9.0
18681,91.0,2.1162348516990592,0.30840894229035176,1.120659442733772,9.0
18682,100.0,2.050579051563563,0.34431902388437036,1.0626627819623742,9.0
18683,107.0,2.0703343764244546,0.3620252372774763,1.061054139408614,8.0
18684,112.0,2.1286439839161138,0.40375280683068177,1.0732916751183175,8.0
18685,115.0,2.0704453139202834,0.44973158479342007,1.1426059651838052,8.0
18686,122.0,2.104769670748677,0.48883273724162923,1.1642776514155497,8.0
18687,124.0,2.125730869645903,0.5270518707425667,1.193742552976348,8.0
18688,124.0,2.1603494224864463,0.5740945713484986,1.2594397317908324,8.0
18689,125.0,2.212946628470758,0.6020382990213349,1.3838053078053787,8.0
18690,125.0,2.1449747363145315,0.6320646264191697,1.4652878394617581,8.0
18691,119.0,2.1898792331186514,0.6682805930985684,1.5309416632675907,9.0
18692,113.0,2.2732733625057797,0.692805064286206,1.6575333279255708,9.0
18693,106.0,2.235349668455486,0.7078136799592981,1.7502760347596853,10.0
18694,97.0,2.217918895347496,0.7138785723142244,1.7823343538950311,11.0
18695,89.0,2.1498134534159035,0.6876548384721197,,11.0
18696,84.0,2.242574018109285,0.661624961468433,1.8708013264463939,11.0
18697,76.0,2.215505387443094,0.6267867482288757,1.9226345890037593,12.0
18698,71.0,2.140101472266378,0.5917751316055109,1.8948889642421292,12.0
18699,71.0,2.2317511279138316,0.5652061485563872,1.8752277309696543,12.0
18700,69.0,2.1699866981921145,0.5239758950927438,1.8408687351689488,12.0
18701,72.0,2.0635243549597506,0.4821496620897244,1.785601067918918,12.0
18702,71.0,1.97983611793018,0.4588963189479032,,12.0
18703,73.0,2.0008731719044213,0.43459937416300476,1.677289757004236,
18704,79.0,1.8676632639366895,0.41748632680446324,1.605114988174431,12.0
18705,79.0,1.8476279228111485,0.39623683215146727,1.5744148526663175,12.0
18706,80.0,1.8588318455045827,,1.5014300315710007,11.0
18707,81.0,1.8473603143461454,0.3750471432106625,1.4430304972945676,11.0
18708,88.0,1.9241895701417724,0.36698892677994693,1.4071433247139298,11.0
18709,97.0,1.9638921036155814,0.38347797876823286,1.3563530285594674,11.0
18710,99.0,2.023412878132124,0.40528438820992113,1.289643121777747,10.0
18711,104.0,2.042046816807961,0.4178171100828096,1.2777047843403915,10.0
18712,106.0,1.9985126432247244,0.4421817153073381,1.2567547639049477,10.0
18713,103.0,1.9991423948555198,0.4543675693536121,1.2681597466779975,9.0
18714,106.0,2.131164638327421,0.4842927808060832,1.2796223244560654,9.0
18715,110.0,2.2294098335182575,0.5277713288230286,1.3174074026134328,9.0
18716,111.0,2.1649678699932338,0.5527582572566369,1.3732272787200026,9.0
18717,110.0,2.1754766542333743,0.5781226826521155,1.4312819471399338,9.0
18718,113.0,2.1266385524937146,0.6103528695107673,1.4497862284664098,9.0
18719,109.0,2.1355873771734784,0.606585368256229,1.5188144932402425,9.0
18720,105.0,2.132739667956641,0.638796404734444,1.5923013587919663,9.0
18721,105.0,2.139233598413387,0.6442643865061944,1.667042913621506,9.0
18722,103.0,2.2551817993247836,0.6596699660324192,1.719231192654306,10.0
18723,98.0,2.313247497638045,0.6595852889494077,1.772091387922896,10.0
18724,94.0,2.2317171836251575,0.6632539300197849,1.8122042042708537,11.0
18725,91.0,2.287852608134373,0.6461123147144427,1.8819565271089118,11.0
18726,82.0,2.293727775379575,0.628681090807621,1.9017204892730155,12.0
18727,77.0,2.2952733050833425,0.5826921067849454,1.8792717498325209,12.0
18728,73.0,2.2075260658113596,0.5568017179691043,1.894390790700255,12.0
18729,76.0,2.2613539261288755,0.545424351581912,1.847525038855861,12.0
18730,74.0,2.307670540913923,0.5295120040852095,1.7890265950550877,12.0
18731,75.0,2.2801428500238594,0.5213009342854197,1.7665168193179437,12.0
18732,74.0,2.2527509267572117,0.5069457843161828,1.7553248332111786,12.0
18733,69.0,2.1858151045014376,0.4691551394336262,1.715361536710751,12.0
18734,68.0,2.1531141273616257,0.4477195079760544,1.6562438770619001,12.0
18735,72.0,2.137680879774802,0.4119733412291384,1.549828372335582,12.0
18736,76.0,2.1155323371848844,0.3951971803815257,1.50853306286026,12.0
18737,76.0,2.0810116644856445,0.3962632698446591,1.450360473035777,11.0
18738,78.0,2.0832057674980256,0.37474774361981805,1.3852806858048472,11.0
18739,83.0,2.180125060895801,0.38008253290266103,1.3714805448586538,10.0
18740,88.0,2.0942169243436037,0.3750210826672984,1.3068714159601882,10.0
18741,95.0,2.1430654488864627,0.3883866910267618,1.3165825574106254,10.0
18742,98.0,2.1929187373592023,0.39660619701040917,1.3064407272740208,10.0
18743,102.0,2.1414725781795516,0.4125420449156525,1.3241125419411808,10.0
18744,103.0,2.1040822290502343,0.43073348830725744,1.3284549566873352,10.0
18745,106.0,2.1170491010562995,0.4563963323664393,1.3176221926338996,10.0
18746,108.0,2.1663616245347153,0.47341013407480603,1.3222524515684073,10.0
18747,112.0,2.1056669696865926,0.5065747684068889,,10.0
18748,109.0,2.076913019051248,0.528744070201882,1.3610522860452812,9.0
18749,109.0,2.130513514508135,0.5453341952763371,,9.0
18750,109.0,2.158334102919153,0.564824958391247,1.4556968364416893,9.0
18751,105.0,2.1418765991766255,0.5847667958959015,1.4836532883370597,9.0
18752,102.0,2.0945181439183926,0.600633025760164,1.5420375037243421,9.0
18753,100.0,2.1263706983924244,0.6119132432244361,1.6029052945922042,9.0
18754,101.0,2.147023265778189,0.6145848245228447,1.6077426284410032,10.0
18755,98.0,2.123862135756189,0.6117562690653526,1.6624119686607375,10.0
18756,93.0,2.05333407683755,0.618610308757253,1.7087917775928307,10.0
18757,88.0,2.101901178030343,0.6165724539869387,1.7153392210871417,11.0
18758,82.0,2.0900546743250534,0.600704213839172,1.7392099894859117,11.0
18759,78.0,2.0148711600259386,0.5724001341253092,1.7553644142284421,11.0
18760,73.0,1.9595643961828118,0.5674581546803453,,11.0
18761,71.0,1.9776750456622778,0.5373939561429792,1.767260481505292,11.0
18762,67.0,1.9464060841018063,0.49376735147898904,1.7428969090965052,11.0
18763,65.0,1.9851074083303,0.46780896630900615,1.6722515197831291,11.0
18764,64.0,1.9787180568881892,0.42283562179034395,1.6455306491892498,11.0
18765,66.0,1.8849742836245489,0.37275544315368014,1.5757460774312424,11.0
18766,67.0,1.8695869199425066,0.373460057042996,1.5304084528495245,11.0
18767,67.0,1.9155473884816234,0.35973338503615204,1.415642215356697,11.0
18768,64.0,1.9362834498971973,,1.3697492324067257,10.0
18769,71.0,1.9708728174741346,0.298832224450119,1.2574467510928449,10.0
18770,73.0,1.9547109270425678,0.2799967026675062,1.182069490901429,10.0
18771,76.0,1.9155395329769653,0.2753511592621708,1.1200871851491772,10.0
18772,78.0,1.9128464461500712,0.24751157886083414,1.064849976954352,10.0
18773,82.0,1.8943711530696443,0.2504368821463542,1.0254437815685318,9.0
18774,89.0,1.8133723778967064,0.25625870981688914,1.0114586753455128,
18775,94.0,1.8627372250022332,0.26842309013261534,0.9466618787213412,9.0
18776,97.0,1.8923662091041988,0.2787092375966383,0.9444535156953374,8.0
18777,98.0,1.9683313401213074,0.29813359172624837,0.9071482852640322,
18778,102.0,2.007152387374452,0.30605872397387923,0.8800299066216596,7.0
18779,108.0,2.0094247414842,0.3354004610658612,0.8668076057882437,7.0
18780,113.0,1.990248352526008,0.3773067404191625,0.8769813875476272,7.0
18781,113.0,2.0283876490392276,0.4146593787708617,0.9331131336967179,7.0
18782,110.0,2.012782195662457,0.4519017183060985,0.999528001281375,7.0
18783,107.0,1.9421169696548533,0.46609230130032525,1.0464177781643496,7.0
18784,107.0,1.972566465062181,0.4885937177474639,1.0774195190429139,7.0
18785,101.0,1.9173179288858915,0.5136132553535329,1.1379618811346255,7.0
18786,95.0,1.824685525869628,0.5174432957886266,1.2160628791943233,7.0
18787,90.0,1.810042175793967,0.5156324795116601,,7.0
18788,87.0,1.8704943741005309,0.4916087634687654,1.3450654298296776,8.0
18789,80.0,1.8470044393140268,0.4737797478782751,1.3917393549659265,8.0
18790,76.0,1.8114563929279297,0.46418844384498836,1.4052546854205241,8.0
18791,76.0,1.7656621322646684,0.4290154013259921,1.422294605814548,8.0
18792,70.0,1.7943082622399045,0.4139923418673699,1.3859861352067284,8.0
18793,67.0,1.7483156504486579,0.38635890402426154,1.3831055745214325,8.0
18794,66.0,1.7255880889371844,0.3367145911133702,1.350126786866871,8.0
18795,65.0,1.6904739661746429,0.29591738961295205,1.2819892844519079,8.0
18796,68.0,1.6468950901434727,0.2677351163447257,1.236214206699143,8.0
18797,68.0,1.5776124803418226,0.24394607180749506,1.1276650687867285,8.0
18798,70.0,1.6499802471525449,0.22837999732369668,1.0533597925549678,8.0
18799,72.0,1.6697524317310792,0.21179676730168934,0.9428399607685773,8.0
18800,76.0,1.7011400088852846,0.17674838531245335,0.8781075494862783,8.0
18801,78.0,1.7395726160520963,0.17993346023585466,0.792536260642456,7.0
18802,83.0,1.7912599411234615,0.19506183796907642,0.7562000667014334,7.0
18803,90.0,1.7616661070133643,0.20249284947033644,0.7553785466591193,7.0
18804,90.0,1.751676363591056,0.23334786882465455,0.6976622468195467,7.0
18805,88.0,1.6911679973602323,0.24974871327403023,0.7183279545223494,6.0
18806,91.0,1.7094720079453545,0.25663452857966235,0.7354779841333877,6.0
18807,92.0,1.8244829480170521,0.2709975834054097,0.7354345743343697,6.0
18808,93.0,1.8132439025575373,0.296235361468195,,6.0
18809,93.0,1.853965742488918,0.32578945599197995,0.8036480018228612,6.0
18810,90.0,1.872991528692728,0.3508245316745111,0.811736527103884,6.0
18811,87.0,1.886589681208454,0.3692340461243497,0.8479444549533923,
18812,82.0,1.9214355520292876,0.3747846309776672,0.9084597165935352,6.0
18813,79.0,1.9268649683485062,0.35960641634043283,0.9953204865290377,6.0
18814,77.0,1.8695179685684142,0.34902228169070887,1.007230200587055,6.0
18815,73.0,1.8088500308728355,0.3546099994302482,,
18816,73.0,1.8056301444875968,0.33602560032484036,0.987919970707805,7.0
18817,70.0,1.758567592611018,0.3050692472224256,0.9989025690372194,7.0
18818,65.0,1.741739040225095,0.2873817601715729,1.011109717551067,7.0
18819,63.0,1.7799480842266384,0.2748019009960513,1.044357964834039,7.0
18820,59.0,1.6342958561758014,0.25075164498703745,0.9894035065015266,7.0
18821,54.0,1.5252310287841633,0.20849271876658254,0.902464036769101,7.0
18822,56.0,1.5140427768486182,0.14362225955488725,0.8406609045844976,7.0
18823,55.0,1.4558029720938486,0.10836928201546625,0.7590624168414194,7.0
18824,59.0,1.4764788727103462,0.04666252666070734,0.659673811635139,7.0
18825,62.0,1.4644766348588132,0.0107350096373841,0.5360367027881954,7.0
18826,66.0,1.42355562331944,0.0,0.4491937279561726,6.0
18827,70.0,1.5272512262136873,0.0,0.3223181277334449,6.0
18828,77.0,1.4935880651777194,0.0,0.25265849937140566,5.0
18829,81.0,1.5269926108836192,0.0,0.17910372476606715,4.0
18830,86.0,1.5640953196320058,0.02247924348399229,0.13885271455381126,4.0
18831,93.0,1.5618693797476493,0.05381296151935939,0.09225198198523493,4.0
18832,97.0,1.5329168845428498,0.09179475288105876,0.16238245138925464,3.0
18833,98.0,1.4954512871596597,0.12591529575525887,0.19418824533968504,3.0
18834,100.0,1.5144535048293848,0.16980926418169912,0.2398724890151939,3.0
18835,98.0,1.561203787577533,0.20105462129057608,0.27476533512742995,3.0
18836,100.0,1.5341799558249005,0.2266785558617682,0.3463899263438921,3.0
18837,97.0,1.5742508096916776,0.2429888145942295,0.38236737866319104,3.0
18838,94.0,1.5862530360747238,,0.41153805447219033,
18839,95.0,1.6221258557838445,0.2636132560687323,0.5174757115336043,3.0
18840,91.0,1.6091901618719087,0.28701155485880997,0.5737445525492975,3.0
18841,90.0,1.5518307965003757,0.3072911471017969,0.6289329620370812,3.0
18842,86.0,1.50306146935244,0.31407186526302106,0.6757231627614854,3.0
18843,81.0,1.4342272599570531,0.2989681523890878,,4.0
18844,76.0,1.457720811699946,0.2806557298925261,0.8113470449222234,4.0
18845,74.0,1.5164177619801384,0.2525480664058128,0.8486468575632323,4.0
18846,67.0,1.4844031246542226,0.23135880514638285,0.7926461224704147,5.0
18847,63.0,1.4392802107676512,0.20188190871348244,0.7920880133536196,5.0
18848,63.0,1.370719752960809,0.16056458326913642,0.7907740562780113,5.0
18849,59.0,1.3496988353417843,0.13015259689248213,0.7503652981884895,5.0
18850,57.0,1.3190240566665323,0.0955690977782653,0.6851429472509233,5.0
18851,53.0,1.3391002206939855,0.07746650702314417,0.6130820087129936,5.0
18852,54.0,1.1899142344173645,0.04327662023395101,0.5350490265586639,5.0
18853,57.0,1.1889847571810295,0.016924187749415842,0.45572741075248135,5.0
18854,58.0,1.1783175253052542,0.0,0.3651882271277786,5.0
18855,58.0,1.1797751426256646,0.0,0.28677766663602805,4.0
18856,60.0,1.2198119393201583,0.0,0.22449446525853148,4.0
18857,62.0,1.1383408045804937,0.0,0.16991209318185047,4.0
18858,64.0,1.1729231828810311,0.0,0.14206929599920515,4.0
18859,65.0,1.1948356308494765,0.0,0.09672824240162467,3.0
18860,69.0,1.2211105763592436,0.006835826792491877,0.06306172519578293,3.0
18861,67.0,1.2489842425614397,0.0,0.08023279211108382,2.0
18862,73.0,,0.0,0.03287327305675513,2.0
18863,78.0,1.2589645785358328,0.0,0.006587826430985506,2.0
18864,79.0,1.242118019955738,0.009709576545830188,0.0,2.0
18865,82.0,1.2493886260000842,0.009121681905017942,0.021782621525413444,2.0
18866,81.0,1.299185161519545,0.03725764686013823,0.013263786941472015,2.0
18867,81.0,,0.05245518077752774,0.03285441179629914,2.0
18868,83.0,1.2547250551584141,0.07326389505388337,,2.0
18869,81.0,1.2013913929837194,0.09163498656035096,0.08466178429278971,2.0
18870,81.0,1.1756951378367808,0.1043641036860498,0.11576437359128548,2.0
18871,81.0,1.1184491619892694,0.10961922344986545,0.1434321147295461,2.0
18872,80.0,1.081798272079632,0.10535372361826269,0.22444168869661213,2.0
18873,79.0,1.17803764310949,0.09937898407085648,0.2469562697335032,2.0
18874,76.0,1.253442394726764,0.0849215934360553,0.2856823226542554,2.0
18875,75.0,1.3112451918754005,0.07516476357687,0.29468911193475966,2.0
18876,76.0,1.3289907256724491,0.0723946135513451,0.24093951208489497,2.0
18877,71.0,1.3073973344494858,0.06378756093866986,0.20901689749357355,2.0
18878,72.0,1.2852853284182926,0.047146349072476966,0.18615429673835443,2.0
18879,71.0,1.3709599670215669,0.02387143982214591,0.2003988677001802,2.0
18880,72.0,1.3446106714752826,0.014536762357202176,0.1783557296618065,2.0
18881,75.0,1.3335534081152904,0.007118313066194015,0.1217255078452798,2.0
18882,73.0,1.2196150515607989,0.0,0.10417674884062163,2.0
18883,71.0,,0.0,0.06385896214816994,2.0
18884,71.0,1.0773763296791983,0.0,0.06572627976873287,2.0
18885,71.0,1.075186924452535,0.0,0.06247513689048695,2.0
18886,71.0,1.1214163268189945,0.0,0.07253828937746094,2.0
18887,70.0,1.111197597500725,0.0,0.0824362894303231,2.0
18888,70.0,1.158143424095506,0.0,0.08395969309089032,2.0
18889,72.0,1.1835339618405092,0.0,0.08226242043406845,2.0
18890,72.0,1.1425555286619753,0.0,0.07587497764224486,2.0
18891,71.0,1.1908971326095317,0.0,0.09966683500959216,2.0
18892,71.0,1.1915226126953296,0.0,0.04808993274075118,2.0
18893,73.0,1.0928903797042764,0.0,0.03349050929954013,2.0
18894,76.0,1.1512035992088097,0.0,0.020311043935452702,2.0
18895,75.0,,0.0,0.021780850458585778,2.0
18896,77.0,1.3065720474990357,0.0,0.018072820633671348,2.0
18897,80.0,1.2217040228639822,0.0,0.0,2.0
18898,79.0,1.270615021390805,0.0,0.04084139305855761,2.0
18899,79.0,1.288711403199306,0.008380348866751082,0.01933614010781481,2.0
18900,81.0,1.2765081252556079,0.007840864718504327,0.0,2.0
18901,83.0,1.3115671378451186,0.02505127453067449,0.011191323031399959,
18902,84.0,1.2458620576103034,0.027386447387835813,0.004699821715059765,2.0
18903,83.0,1.278694608346401,0.04874296302947931,0.0026060701565095365,2.0
18904,83.0,1.3210625514891232,0.055577262651401456,0.023631776174693593,
18905,82.0,1.2777381237213827,0.06354065621741124,0.03108296585776269,2.0
18906,76.0,1.30034208700489,0.07113940239817884,0.023999532061569566,2.0
18907,73.0,,0.056175178947326807,0.08699133927736089,2.0
18908,72.0,1.2691777012197896,0.05415235047633588,0.08641169804662338,2.0
18909,70.0,1.1611865616330967,0.022507766274051384,0.10615445369299219,2.0
18910,71.0,1.189485889823573,0.021827009261963605,0.09297732829158839,2.0
18911,67.0,1.1073959354994765,0.014060415577951397,0.09851578762689196,2.0
18912,71.0,1.0641890381203145,0.0,0.08924661853646867,2.0
18913,74.0,1.0387167451716721,,0.09439073520674987,2.0
18914,74.0,1.0556631110689942,0.0,0.04885002106984378,2.0
18915,73.0,1.1157643541194127,0.011163514745933637,0.05594212350233983,2.0
18916,74.0,1.04978890611617,0.011520887219098185,0.05980542269422007,2.0
18917,76.0,1.0698127138163738,0.0157006342792091,0.08065658218317409,2.0
18918,77.0,1.0993834977754615,0.005613254945433232,0.08907693981232753,
18919,77.0,1.042881183018941,0.006391467252101082,0.057726425648598784,2.0
18920,77.0,0.9791862115062506,0.0067457523276439925,0.038457605333485474,2.0
18921,80.0,1.0295150396105779,0.0,0.023026891034827537,2.0
18922,78.0,1.141816911863153,0.0,0.039958475721015636,2.0
18923,79.0,1.1109634981175944,0.0,0.00029501278106090767,2.0
18924,81.0,1.1568045443213022,0.008733631804742976,0.005548350088299396,2.0
18925,82.0,1.1224582915417778,0.024642546762115695,0.0,2.0
18926,81.0,1.1114923334491646,0.02467773701226314,0.021666606488538746,2.0
18927,85.0,1.1268811446927116,0.03779806336221421,0.0420679297528677,2.0
18928,85.0,1.2242793636516849,0.03144600586221612,,2.0
18929,87.0,1.2592853742625036,0.0519819015316599,0.0861725464192468,2.0
18930,89.0,1.2504176059080403,0.0672291037960119,0.0940601767048507,2.0
18931,89.0,1.2218711348821933,0.10097067233642125,0.07916388225559778,2.0
18932,87.0,1.2769006156602392,0.11002498194352792,0.12276569514630013,2.0
18933,86.0,1.3626201269069036,0.12622299336129833,0.18168403230326954,2.0
18934,86.0,1.3478515382577747,0.12342328407548095,0.22828430553831,2.0
18935,86.0,1.2932932011833511,0.1477069079440843,0.23875476170409538,2.0
18936,83.0,1.268409692312481,0.15925969961950592,0.2550442821737186,2.0
18937,79.0,1.2420651502139306,0.15289420270265547,0.3157696308985328,2.0
18938,79.0,,0.13159711581110817,0.3807631044992559,2.0
18939,77.0,1.2453838116363012,0.11413296421892546,0.38344965890181504,3.0
18940,72.0,1.299836193347969,0.11579633607394063,0.3936178027459739,3.0
18941,71.0,1.2524679058062842,0.10317419767365282,0.39528777811179067,3.0
18942,73.0,1.24846281998155,0.08415537251732055,0.4039602178739418,3.0
18943,70.0,,0.08206849479010427,0.4063627257000962,3.0
18944,68.0,,0.06217954947971101,0.3841163681356661,3.0
18945,69.0,1.20299178885014,0.02389394075027168,0.37343972431239725,3.0
18946,71.0,1.1852236766122048,0.02255457609088287,0.2563380150721333,3.0
18947,74.0,1.1654147331281195,0.02961809423651708,0.20085656853512093,3.0
18948,77.0,1.2381180667758773,0.0159468359589339,0.1637967333875318,3.0
18949,78.0,1.1642350818460179,0.011602644221684139,0.14833314136234702,3.0
18950,75.0,1.037841468815237,0.017601664112266588,0.10122168582400858,3.0
18951,81.0,1.1222899596772522,0.010762916269546704,0.08702521951232178,3.0
18952,85.0,1.2402706917019086,0.0009279687112396361,0.0753869128925062,3.0
18953,90.0,1.2528533194603337,0.021809428963803654,0.06177758916358671,3.0
18954,91.0,1.3900067799788896,0.03906111909837207,0.04368727469582399,3.0
18955,95.0,1.4781557750039556,0.06052303019844924,0.04707496385820263,3.0
18956,97.0,1.4757291860656385,0.08489873222741919,0.10728082755810227,2.0
18957,101.0,1.5183878681672702,0.0998673834824757,0.14636911141105183,2.0
18958,104.0,1.4769462740582948,0.14385997149773486,0.19913238054422114,2.0
18959,102.0,1.4809482474303335,0.1740181668063618,0.27504258115035995,2.0
18960,101.0,1.5299041249102645,0.19608342951677069,0.3054436950547825,2.0
18961,101.0,1.5342055354972561,,0.3810311386398781,2.0
18962,99.0,1.5312917330496547,0.25630055558417725,0.466058190723879,2.0
18963,98.0,1.4867262996534707,0.2606571993731269,0.53995227937048,3.0
18964,95.0,1.4896078527427319,0.2902626158843359,0.5786737732285638,3.0
18965,91.0,1.4652843526918498,0.3043498929513619,0.6452893104871325,3.0
18966,88.0,1.4699823292222813,0.32825715416568557,0.7225265170644467,4.0
18967,82.0,1.522011406802068,0.3267108563897,0.7754996012064493,4.0
18968,77.0,1.3539198410575621,0.3148061213477685,0.8066566731967723,5.0
18969,73.0,1.305712056897118,0.28894430290343737,0.8132865896648288,5.0
18970,71.0,1.3696645961592946,0.2508124164030615,0.8246760153984884,5.0
18971,72.0,1.3987974039941462,0.22827916285780994,0.8102606427877665,5.0
18972,70.0,1.3814787820528653,0.20680162052895418,,5.0
18973,68.0,1.4353731003189623,0.18000301369512897,0.7301254305001469,5.0
18974,70.0,1.4410876539047468,0.14209132888339854,0.7177209441505294,5.0
18975,70.0,1.3687270002689036,0.13280322691766325,0.6728704448067526,5.0
18976,74.0,1.385463933250408,0.10375415238662015,0.6129230268940764,5.0
18977,72.0,1.3908063152802654,0.08619458938624196,0.5655026671907172,5.0
18978,70.0,1.4378952965403713,0.0770569915673288,0.5281679123439804,5.0
18979,82.0,1.4577302577060745,0.07040378807362681,0.4349550922634526,5.0
18980,86.0,1.4512136595743768,0.08740490676120852,0.37719315010757054,4.0
18981,91.0,1.4538838303743769,0.09720204348563526,0.3519046474326537,4.0
18982,98.0,1.4125510423104042,0.12246020196392245,0.3008575089310556,4.0
18983,102.0,1.473115263511808,0.14901675938610195,0.2862531582280965,4.0
18984,105.0,1.426234909463222,0.1739182547726137,,4.0
18985,109.0,1.5095139621568716,0.1876728758733743,0.38270732886797804,4.0
18986,111.0,1.5351819146187768,0.24089514724858138,0.40128087565160864,4.0
18987,112.0,1.5658909818945377,0.2775225510306945,0.4486483267805535,4.0
18988,110.0,1.6153609385984466,0.31559207684138985,0.5413920830351042,4.0
18989,106.0,1.6910084623447101,0.3356303330441057,0.6342260302956719,4.0
18990,105.0,1.7180153368527984,0.35711259247643334,0.6935837189042935,4.0
18991,107.0,1.6965170514658263,0.38119874273442494,0.7828463255352631,4.0
18992,106.0,1.7442044958933443,0.3826922668076429,0.8444069667987253,4.0
18993,106.0,,0.4312392720908562,0.9157614554214502,5.0
18994,101.0,1.770415096070887,0.4545899640247535,1.0103289895211063,5.0
18995,96.0,1.7500168391581132,0.45548230058725936,1.0672768880377472,5.0
18996,91.0,1.668149953779868,0.45834374094471386,1.1263842786217066,6.0
18997,85.0,1.8325443389945741,0.46265502446544166,1.1512228174624992,7.0
18998,81.0,1.7636989669489302,,1.2072156024644496,7.0
18999,78.0,1.8015128686638462,0.4300687311903283,1.210003825536575,7.0
19000,75.0,1.7563450108648586,0.4003895245572821,1.2582347124589766,7.0
19001,70.0,1.6975463353629385,0.3633480777622778,1.2354324892117081,7.0
19002,71.0,1.6871189850396262,0.31605460816625314,1.1839538895773358,8.0
19003,72.0,1.6588113764596661,0.28138507381004707,1.1162478055311005,8.0
19004,71.0,1.7011848968766226,0.2560455903680126,1.038759440191213,8.0
19005,70.0,1.6661267305155383,0.2512293391418804,1.0011772149450935,8.0
19006,76.0,1.6749437862805778,0.24171678005103378,0.9441667021258924,8.0
19007,79.0,1.7587212134013526,0.23484584689966126,0.9121112637274544,8.0
19008,81.0,1.7259262365881647,0.22813747024645709,0.8753676181972352,7.0
19009,85.0,1.7833632794690448,0.20668897180780355,0.8678662187415528,7.0
19010,87.0,1.8105215512906803,0.21705245028015782,0.842906165446698,7.0
19011,96.0,1.8425340878025724,0.22810657325443,0.8062130539358151,7.0
19012,101.0,1.8991205407766327,0.24717422692333452,0.7551421749631055,7.0
19013,105.0,1.914093164676733,0.2934617487019825,0.7682166705681023,7.0
19014,108.0,1.8517908018909015,0.3270813834606172,0.8118521804738447,7.0
19015,108.0,1.8575118363038152,0.3516288506858641,0.8432636931745239,7.0
19016,112.0,1.8718080276546347,0.37479668828653234,0.9079731633024195,7.0
19017,109.0,1.975208780902238,0.4106608006403007,,7.0
19018,104.0,1.9209151420498405,0.4561356802779528,0.9935830272990459,7.0
19019,105.0,1.8856165083031633,0.48302036427611567,1.0742833122536601,7.0
19020,109.0,1.9987314869554726,0.4965763984622285,1.1506262644217589,7.0
19021,104.0,1.90789066521971,0.5272129333725579,1.216150805639563,7.0
19022,99.0,1.9324820202702488,0.5448424657865484,1.3515066085560619,7.0
19023,98.0,,,,8.0
19024,94.0,1.886768732863814,0.5535357668216512,1.432892941952327,8.0
19025,90.0,1.9880713229597722,0.5531207302604592,1.4786114867528153,8.0
19026,88.0,1.9644694270450562,0.5214033018660162,1.5556051857692221,9.0
19027,89.0,1.9633825968563254,0.5028458864835205,1.553607640116012,9.0
19028,85.0,1.8996086933887455,0.48464311290238643,1.535788459895194,
19029,82.0,1.8407673621999354,0.4832104460213836,1.534036648193297,10.0
19030,80.0,1.969092081681761,0.4849633712356044,1.5034212793074018,10.0
19031,79.0,1.9798531541761788,0.44861708824606344,1.4903073308795203,10.0
19032,77.0,2.0152721203121597,0.4109061105365794,1.460975420371169,10.0
19033,75.0,2.027378085428375,0.3992853177685571,1.4221572072579352,10.0
19034,75.0,1.9447753368781642,0.3897716536991058,1.37768612157786,10.0
19035,78.0,1.9159419919966543,0.3821068663804215,1.329307007844391,10.0
19036,80.0,1.8982097755971763,0.36868839815760673,1.3248612922317562,10.0
19037,82.0,1.838077755451297,0.35656915708625175,1.293292593584141,10.0
19038,87.0,1.855161072153991,0.34946744859703993,1.2693187470922287,10.0
19039,91.0,1.8197404929179348,0.35203478157413914,1.2268248025598059,10.0
19040,91.0,1.960833084812593,0.35775345745942494,1.2027811327578037,10.0
19041,93.0,,0.3602453694269066,1.1490378130628633,10.0
19042,96.0,1.8886471555273934,0.37897846049079303,1.112942450049317,9.0
19043,101.0,1.971924049388755,0.39675687955922345,1.1227075391842471,9.0
19044,104.0,2.0066050061253886,0.40743919033719433,1.137141743515595,8.0
19045,108.0,2.006638092848487,0.4582872377150652,1.1533790213397583,8.0
19046,112.0,2.060698286649769,,1.1858865117020714,8.0
19047,114.0,2.014682021563946,0.526711560755903,1.2443915773657606,
19048,114.0,2.012653028581103,0.5527435728055634,1.3112547912871626,8.0
19049,110.0,2.0683403795049355,0.5872872014788576,1.3885026590260876,8.0
19050,108.0,2.09704210502259,0.6104037681961361,1.4777532719995938,8.0
19051,108.0,2.0905348941286417,0.6296387935261136,1.569122499615841,
19052,105.0,2.1184183113863964,0.6401481032257371,1.6288535912119817,10.0
19053,98.0,2.2474920215875116,0.638663595814782,1.6975337689456271,10.0
19054,92.0,2.239836348553437,0.6405955216749996,1.7995886437465727,10.0
19055,90.0,2.24448183371756,0.610984659588639,1.8221890923501727,11.0
19056,83.0,2.279881288217369,0.5971849524522247,1.8213297893407228,11.0
19057,81.0,2.2720815826940144,0.5676270403675574,1.8070822649324758,11.0
19058,79.0,2.335702093852647,,1.7491816665085635,11.0
19059,80.0,2.3061823254812643,0.5178676712484658,1.7178390896204954,11.0
19060,83.0,2.1685782958052973,0.5015769794977426,1.689268050324297,11.0
19061,78.0,2.1143399921550246,0.4905637035520544,1.663481069894929,11.0
19062,80.0,2.0757001108231257,0.4822319385207701,,
19063,86.0,2.0463413913089896,0.4611781398568847,1.5870364253149067,11.0
19064,86.0,2.078614550119583,0.46704896727434936,1.5362167001862994,11.0
19065,87.0,2.070624136789602,0.4509173796368559,1.505696849915569,11.0
19066,86.0,2.0852856244044373,0.4513540130782328,1.4649677345291676,11.0
19067,93.0,2.1642947337681098,0.4479116841487356,1.4382895343543767,11.0
19068,95.0,2.0917317281889583,0.4532608784908446,1.427695374698464,11.0
19069,96.0,2.1782957300333075,0.46824831904203607,1.3929922108539448,11.0
19070,98.0,2.2689606456226405,0.4667943042545888,1.419394290212882,11.0
19071,100.0,2.2427794277663553,0.4767593668965459,1.4306094703110857,11.0
19072,101.0,2.230075575337673,0.4903685928066835,1.3993674564863194,11.0
19073,99.0,2.1767878794678364,0.504348264053179,1.4043799446340368,10.0
19074,105.0,2.127182493848021,0.5135922839130169,1.4113389641725456,10.0
19075,108.0,2.2084539849679032,0.525758336121956,1.442674969618919,10.0
19076,109.0,2.1771274852433846,,1.4586368712841702,10.0
19077,107.0,2.259363383568847,0.610814385201368,1.4803293056647049,10.0
19078,105.0,2.305730587731878,0.6133089526759841,1.5254966801386134,10.0
19079,107.0,2.2745877376769568,0.6352405184794763,1.6089206080816396,
19080,105.0,2.3010001210597495,0.6382851316584357,1.6955483278237644,10.0
19081,104.0,2.380040301628553,0.6555535022316885,1.70948656499078,10.0
19082,101.0,2.3584903853870833,0.668195096406798,1.7760978416549091,10.0
19083,97.0,2.3349793713240734,0.6705036138704071,1.8389533076738331,11.0
19084,90.0,2.375204055615634,0.6677122924717908,1.856431570974623,11.0
19085,85.0,2.337774451297872,0.6695344276764427,1.8696707286421628,11.0
19086,83.0,2.3022328226832762,0.6351138063278821,1.893046474936465,11.0
19087,81.0,2.290826165056843,0.6031854891260717,1.917189428626772,12.0
19088,74.0,2.264001429423429,0.5779141506929477,1.9000188831720353,12.0
19089,71.0,2.2101922606289177,0.5464933088023199,1.8718870090672828,12.0
19090,72.0,2.162274414434618,0.50952440463449,1.8093750407331273,12.0
19091,71.0,2.090027216298396,0.48571834055560864,1.7191766307668293,12.0
19092,72.0,2.1624828518820496,0.4535992999414728,1.6227474394778103,12.0
19093,73.0,2.169148256417389,0.4348684140800596,1.5737089336631518,12.0
19094,75.0,2.188009434164972,0.3996358715143112,1.501789238719796,11.0
19095,79.0,2.157050707969622,0.3889535823100944,1.4424505809421664,11.0
19096,86.0,2.0589761939854734,0.3969020350694962,1.3812600926818297,11.0
19097,90.0,1.9900406281869576,0.38672524624179105,1.3212248886897902,11.0
19098,92.0,2.032560995582495,0.4184738936381704,1.2440264096128915,10.0
19099,98.0,2.0061759772812855,0.4194056128592895,1.228130070457056,10.0
19100,97.0,2.0177765621434824,0.4481604884166691,,9.0
19101,98.0,1.9958962987922926,0.4609947217063542,1.2340709404288408,9.0
19102,103.0,2.056899896976954,0.47416841368187757,1.278514670996205,9.0
19103,104.0,2.0133242380660965,0.48898533669748484,1.3180000829788183,9.0
19104,108.0,2.04054998335637,0.4911711770172828,1.3707966163195113,9.0
19105,108.0,2.040550966946387,0.5100347989321797,1.3760562635332219,9.0
19106,106.0,2.1020686724657858,0.5284233240706605,1.367346624188053,9.0
19107,107.0,2.1258950010755053,0.5357389744808232,1.429450795807131,9.0
19108,104.0,2.178537601061304,0.5660809964057647,1.4646020462988056,9.0
19109,105.0,2.155679739300271,0.5746569023305478,1.5134713839423493,9.0
19110,104.0,2.139665647721963,0.5887911926079716,1.579250997416146,9.0
19111,104.0,2.125351745954272,0.5937697288116837,1.5996632484386608,9.0
19112,99.0,2.1300265818738557,0.5906555776153312,1.6713558218991345,10.0
19113,98.0,2.1199326591725813,0.5950996811382978,1.7255698459544537,10.0
19114,94.0,2.1995992108977505,0.5899011497488997,1.731965413069337,10.0
19115,87.0,2.190309518460251,0.594495511081766,1.7613166897252184,10.0
19116,85.0,2.177398590398556,0.5841906208270833,1.7707390121829352,10.0
19117,82.0,2.237978808129404,0.5724108581459567,,
19118,82.0,2.2902795758542056,0.5534761294799811,1.750761198991189,10.0
19119,75.0,2.345252395080871,0.5443430343019232,1.7343500949566484,11.0
19120,72.0,,0.5241079668841155,1.7226527375596872,11.0
19121,71.0,2.2477560422035876,0.5097047634732139,1.6850117734461572,11.0
19122,73.0,2.1338441741510374,0.4813815054594806,1.640798774397726,11.0
19123,70.0,2.1336928187874094,0.4620907533170568,1.604775995999863,11.0
19124,69.0,2.1379994745898316,0.4243802622511484,1.5104398624651083,11.0
19125,73.0,2.1048029265464954,0.40686740669887383,1.4757321635674,11.0
19126,70.0,1.994328958038952,0.3938705719701552,1.437236942139983,11.0
19127,70.0,1.9404626596028198,0.3626979690891553,1.4011802861641283,11.0
19128,73.0,1.903418122438538,0.3508283753098665,1.338823877872335,11.0
19129,75.0,1.9698947805483669,0.32485636418600355,1.30786629330259,10.0
19130,81.0,2.0900911964753,0.3034111762858682,1.2341331379623341,10.0
19131,84.0,2.154779422443697,0.3239720223655868,1.1938321912043086,10.0
19132,90.0,2.0459091499914317,,1.1588285279457684,9.0
19133,93.0,1.9926593387999134,0.36776273918071095,1.1351564025632923,9.0
19134,97.0,1.9278326936052204,0.38102200915333767,1.1497600483965678,9.0
19135,98.0,1.8966253362621592,0.395992181113462,1.1359310351074852,9.0
19136,97.0,1.9595890516748689,0.42116882735155925,1.160172508256493,9.0
19137,96.0,1.979659529777351,0.42800871214649105,1.1739580238820457,9.0
19138,96.0,1.9002115094329142,0.4319161963418848,1.1998392354320144,9.0
19139,98.0,2.0255046834111976,0.44996148754320603,1.251891936333153,9.0
19140,99.0,1.9998087118821377,0.4562870766210015,1.2167076374696968,9.0
19141,99.0,1.9840113314051582,0.4666131132513931,1.2320611136745392,9.0
19142,97.0,1.9070751630327256,0.48206652717483106,1.2600833234560842,9.0
19143,95.0,1.915674947654648,0.4855362608142719,1.2930290717186734,9.0
19144,92.0,1.938856868061868,0.47424336595156136,1.3181734189992387,9.0
19145,88.0,1.974658024985814,0.49064985340153766,1.359856876154504,9.0
19146,84.0,1.8382402028827747,0.48114075958622987,1.3757551630481888,9.0
19147,84.0,1.8270027276625167,0.4463799004090179,1.3704892296072875,9.0
19148,82.0,1.82210550131455,0.43583010293373287,1.383268887070297,9.0
19149,77.0,1.7798639764694946,0.42855850206470625,1.3711412323755119,9.0
19150,75.0,1.8104315429155289,0.4254457003646306,1.333889853230669,9.0
19151,74.0,1.83488762952812,0.3941186137627387,1.265718697000459,9.0
19152,74.0,1.7246216268901327,0.3646776933545129,1.280409774448557,9.0
19153,71.0,1.7057104110720676,,1.240515919469031,9.0
19154,69.0,1.6554308004340414,0.3253746605130238,1.196592574673328,9.0
19155,69.0,1.64856119693408,0.2867759886263032,1.1526461096749478,9.0
19156,73.0,1.5729594216272893,0.2679944580036078,1.1085142677109334,9.0
19157,71.0,1.706018088113936,0.24834385871942916,1.0347858037664186,9.0
19158,72.0,1.6971551463550685,0.23298623821722353,1.0037379106538409,9.0
19159,73.0,1.6436393973326588,0.2151840505836919,0.922643524234504,8.0
19160,77.0,1.5738012891323796,0.21502628532905152,,7.0
19161,86.0,1.5965967562862233,0.1887730282143274,0.8214661639553362,7.0
19162,91.0,1.642531331328287,0.1927946281803882,0.7555333926865184,7.0
19163,93.0,1.658174152236366,0.20711951723082944,0.7212708968738056,7.0
19164,100.0,1.572118710724631,0.2353900523833612,0.7072643834439775,6.0
19165,103.0,1.6103218089597078,0.24865317274701204,0.7241802866146079,6.0
19166,101.0,1.61965484817311,0.28110246697888236,0.7233009671354717,6.0
19167,102.0,1.6289303714753451,0.3203034167042693,0.7319609047877007,6.0
19168,102.0,1.5991425129102068,0.31805817841582024,0.7731390458822499,6.0
19169,100.0,1.6268263872885698,0.3376570446700483,0.8298029731863074,6.0
19170,99.0,1.6420208393901197,0.35848959941926833,0.8946771429219399,6.0
19171,93.0,1.682703075534423,0.3604754845917569,0.9312438173333712,6.0
19172,90.0,1.7154488094422837,0.3605702809853061,0.9653259527741755,6.0
19173,88.0,1.7182685525639934,0.3486457041198954,1.0164223779705521,6.0
19174,88.0,1.665566569865794,0.35303340201843364,1.015696697422749,6.0
19175,85.0,1.6679213679431597,0.3548635033719238,1.0047508804189103,6.0
19176,79.0,1.6462901532306018,0.3531791407975657,1.0151206373050317,6.0
19177,78.0,1.7316684643034401,0.33410751146440687,1.0379557337293488,6.0
19178,77.0,1.6379503706262724,0.32416749262966615,1.0237096121744065,6.0
19179,74.0,1.5554887676560034,0.29954433717935974,1.0226146709390604,7.0
19180,71.0,1.5709795902221964,0.27618485179251906,1.0366632509539901,7.0
19181,68.0,1.4681159604546878,0.2271300386145659,1.00099075290106,7.0
19182,66.0,1.4519249000457586,0.23144350790746257,0.9319071227289588,7.0
19183,67.0,1.455298554119973,0.19847456736753286,0.8761814332730499,7.0
19184,66.0,1.447874500773216,0.14974394789493906,0.8128097025739084,7.0
19185,62.0,1.488924191190712,0.14162521214816767,0.7444734091132096,7.0
19186,64.0,1.5022085726287804,0.1069828566408368,0.6840768636172221,7.0
19187,65.0,1.4824298246651848,0.0900367639660595,0.5891547611312316,7.0
19188,70.0,1.3822065426707855,0.07191574810977448,0.5260333734651501,6.0
19189,74.0,1.3713475634989836,0.05999417333523289,0.4419124600133229,6.0
19190,76.0,1.3555384381051327,0.03708843597202448,0.4184147159128998,5.0
19191,83.0,1.3847271237693612,0.026080166231809164,0.32711463874847163,5.0
19192,87.0,1.3685076055464387,,0.25745270942524534,4.0
19193,89.0,1.3973267703101555,0.07876119260033823,0.259480810368112,4.0
19194,92.0,,0.07406913477023713,0.2444799834651914,4.0
19195,95.0,1.418058179795198,0.1066645225304467,0.23332940788540538,3.0
19196,98.0,1.408285799976183,0.12446846604847742,0.2367078617486274,3.0
19197,104.0,1.4002648161211833,0.1533534185291711,0.27125474334608557,3.0
19198,105.0,1.3775634397206182,0.16984801502173613,0.31663140722167216,3.0
19199,102.0,1.286707871930564,0.21561467612601176,0.36865980295118744,3.0
19200,101.0,1.4120072925512646,0.22828064563634792,0.40761295106190454,3.0
19201,101.0,1.4214900355047975,0.2564677308169459,0.4350771796676429,3.0
19202,100.0,1.4885113785505018,0.2592541352892164,0.5235726639502767,3.0
19203,95.0,1.4870815837077256,0.25276128394193026,0.5713712646874305,3.0
19204,90.0,1.4647313162562763,0.2628362680234592,0.5507635045177329,4.0
19205,86.0,1.4848639581286696,0.2646275693473195,0.6234649455554491,4.0
19206,79.0,1.4252830753888497,,0.6200796719736587,4.0
19207,72.0,1.4761932122343335,0.25559180204153464,0.6707597558380906,4.0
19208,70.0,1.4083225454119177,0.23904231158052502,0.6932960022425901,4.0
19209,70.0,1.339791572951627,0.20442711540762373,0.7001205365528519,4.0
19210,71.0,1.3466525972858463,0.19144849702589892,0.6511406196706724,5.0
19211,67.0,1.259596439907546,0.17691724319092209,0.6358037928458232,5.0
19212,60.0,,0.1415021465423678,,
19213,60.0,1.277135867023646,0.10629297440065961,0.5810591866339916,5.0
19214,63.0,1.3012048754449859,0.07274638861778036,0.5406747393071559,5.0
19215,64.0,1.2366342846636968,0.07006087031393503,0.47688538355818116,5.0
19216,61.0,1.2288001320215145,0.054665052806254805,0.44802194740575785,5.0
19217,62.0,1.2652507407876847,0.027570106560820717,0.4049337459805275,5.0
19218,64.0,1.217339703632573,0.0223037145001545,0.35295080767869635,5.0
19219,68.0,1.1611771608852495,0.018826101064396795,0.3355702832113879,5.0
19220,67.0,1.1380469485600566,0.0,0.2805703821823269,5.0
19221,70.0,1.177383510310903,0.0,0.2044901702400404,5.0
19222,69.0,1.1963388189598798,0.0018479863419440072,0.1392440603220933,4.0
19223,71.0,1.1517789509311986,0.0,0.09366283639135616,3.0
19224,74.0,1.2153484466075533,0.0,0.04321775497769307,3.0
19225,79.0,1.2278756787069465,0.0019258184676337166,0.03856641235021012,3.0
19226,83.0,1.2014084689955262,0.028855128721995374,0.03589529022751299,3.0
19227,83.0,1.2360852710934263,0.04050415184905491,0.09587298938722136,3.0
19228,83.0,1.2604950534145276,0.05875145415276259,0.07087020201540205,2.0
19229,82.0,1.1933059197800482,0.06094284686466577,0.101997028026565,2.0
19230,86.0,1.2206352967981995,0.07227317461775234,0.08426386176971923,2.0
19231,87.0,1.2868920954050727,0.09284971820863996,0.1548152726796191,2.0
19232,84.0,1.2718596074998791,0.10269127769748626,0.2102195161816055,2.0
19233,84.0,1.3453732161435943,0.11677830322175489,0.2225277466274346,2.0
19234,84.0,1.4092720847700824,0.12220676532215496,0.26860182151245227,2.0
19235,82.0,1.3863302002829943,0.13548872118525174,0.28089989923917713,2.0
19236,78.0,1.3455677923079121,0.12817286502501604,0.3279575559346215,2.0
19237,79.0,1.3486797767600858,0.10763705260962324,0.34296917526417,2.0
19238,79.0,1.2787606510240537,0.09305021436344026,0.3210490125586091,
19239,76.0,1.3311841146388497,0.09381017823730614,0.3370952375786544,2.0
19240,74.0,1.2776903999023859,0.08526077393896538,0.2950062658791266,2.0
19241,72.0,1.2818802258803856,0.07700064350652652,0.28390740303529866,2.0
19242,69.0,1.281592598171425,0.05432359602144685,0.2750757836057696,2.0
19243,67.0,1.2125692228745708,0.0431451228521071,0.22998636413163134,2.0
19244,66.0,1.2354545497657257,0.04908596470701651,0.19266102898253293,2.0
19245,66.0,1.2534300154508295,,0.19319213717879052,2.0
19246,66.0,1.1656726547151204,0.010655983747073479,0.14836715503730138,2.0
19247,70.0,1.1388570874028305,0.0,0.10985082084490823,2.0
19248,68.0,1.0846264421805225,0.000883814054823363,0.11784260934568228,2.0
19249,67.0,1.0952845537001263,0.0,0.1321764402926999,2.0
19250,71.0,1.035703578104506,0.0,0.09431747275247619,2.0
19251,73.0,1.022384333150434,0.0,0.07512261000553057,2.0
19252,74.0,1.0286528524743908,0.0,0.05266250777395469,2.0
19253,76.0,1.1449489091271747,0.0,0.026669412027109693,2.0
19254,74.0,1.1761045782797395,0.0,0.0029751483889084544,2.0
19255,79.0,1.191638247827923,0.00499838120927153,0.0,2.0
19256,81.0,1.1709555732025085,0.020107168982620303,0.0,2.0
19257,81.0,1.1426136441116717,0.026050090715389995,0.0044345130930903255,2.0
19258,83.0,1.1507012524228655,0.02765324268275408,0.0,2.0
19259,83.0,1.2195822878393727,0.030854508962747825,0.0,2.0
19260,85.0,1.1925785588554083,0.04302454244648536,0.04185512113771464,2.0
19261,78.0,1.259830742700673,0.04123563309347849,0.0458230202648734,2.0
19262,78.0,1.2526860786853102,0.027598680048904117,0.05186872003931532,2.0
19263,76.0,1.223104995133112,0.01844795790828489,0.10389240939716846,2.0
19264,75.0,1.3009286497929538,0.013301657066721234,0.09676645172933993,2.0
19265,74.0,1.3331439915828969,0.014758216159604308,0.07586312715911984,2.0
19266,77.0,1.2243540760123182,0.01439894977528249,0.04561211957737055,2.0
19267,78.0,1.2689895005014693,0.014866908137097606,0.04338737100420293,2.0
19268,76.0,1.2255238043281698,0.00418972116722742,,2.0
19269,75.0,1.2148641053251876,0.0009007302311994903,0.04003918955548902,2.0
19270,76.0,1.2353493059632152,0.0,0.03362231714741723,2.0
19271,74.0,1.1903657731080972,0.0,0.05354888307123634,2.0
19272,76.0,1.184759440790438,0.0020850932214467426,0.05568513115721259,2.0
19273,74.0,1.1248355889816086,0.0,0.09855679590384213,2.0
19274,73.0,0.9905044136295927,0.008642709008911814,0.051941243306901655,2.0
19275,72.0,1.057850156698502,0.0047259703835660066,0.04358186985406322,2.0
19276,73.0,1.0516819022094954,0.0,0.057076476027017244,2.0
19277,72.0,1.0233035089137932,0.0,0.04382181149755287,2.0
19278,73.0,1.0246910912510248,0.0,0.03138688575489924,2.0
19279,72.0,1.031180879213938,0.0,0.043506938923008,2.0
19280,72.0,1.0046525443136851,0.0,0.048781864544015924,2.0
19281,71.0,1.0054537357534648,0.0028074018984003066,0.0491366486995129,2.0
19282,72.0,1.0570081969941534,0.0,0.018313356379951337,2.0
19283,70.0,1.061200683966968,0.0,0.03382701123331452,2.0
19284,73.0,1.1298009475995268,0.0,,2.0
19285,78.0,1.1337497346199548,0.005515320470320674,0.010569135530545306,2.0
19286,79.0,1.1856058243502676,0.029223269605121442,0.0011855654521346713,2.0
19287,79.0,1.2587475889099689,0.030292227417903647,0.01072489848753121,
19288,81.0,1.1911041893247445,0.02835696351167409,0.039135914172537804,2.0
19289,82.0,1.27163475145424,0.01917264362547308,0.03945764014867664,2.0
19290,83.0,1.2786328921792662,0.035313531380474904,0.034173561530815355,2.0
19291,84.0,1.2339549072443747,0.04350449811699105,0.04565377745499487,2.0
19292,83.0,1.244637622017948,0.0478497437315499,0.08808001551361581,2.0
19293,79.0,1.3871880995504462,0.044523984469041045,0.07209876515562741,2.0
19294,78.0,1.3542720407269166,0.07164547825941522,0.05349468436285854,2.0
19295,82.0,1.3789775135451694,0.08335685885513934,0.07553125850636579,2.0
19296,80.0,1.4405049535144263,0.08692714556418202,0.06440968776477651,2.0
19297,79.0,1.3855832869786142,0.08957098560310943,0.12606192950894382,2.0
19298,79.0,1.4030419466662118,0.09425799931846779,0.15588225442627215,2.0
19299,79.0,1.4624813908134777,0.08103934611866177,0.17095718515025804,2.0
19300,80.0,1.4699300047798485,0.08506586755883838,0.15694476280127936,2.0
19301,77.0,1.3124872856762653,0.09061913960964199,0.14479249416272055,2.0
19302,74.0,1.3134468550423635,0.08760014596068758,0.1444936590808411,2.0
19303,76.0,1.2892664771579103,0.07110343032297416,0.16084147319047504,2.0
19304,77.0,1.3183510411216914,0.06584854460869953,0.17746425400543134,2.0
19305,78.0,1.2989295091020205,0.06333112290693657,0.14540552028771486,
19306,78.0,1.228217234603058,0.0501220255285784,0.18384067298441314,2.0
19307,78.0,1.1475908270705124,0.040738191729598854,0.2031975616404022,2.0
19308,79.0,1.1647095361956004,0.029948115494291126,0.21701782495568864,2.0
19309,82.0,1.1273480890775887,0.0042132580438072435,0.16195151383009826,2.0
19310,86.0,1.1151589214935322,0.0,0.1264658850410718,2.0
19311,90.0,1.031102305323985,0.01117213283996767,0.07350589249342525,2.0
19312,93.0,1.0158071875952053,0.01832753669168647,0.05628265268875466,2.0
19313,92.0,1.0398019543434265,0.0461707494760526,0.03405445980676456,2.0
19314,95.0,1.029169094305673,0.04892791319806795,0.07486549110797212,2.0
19315,95.0,1.0565672168695444,0.05471554204730322,0.08588313234178561,2.0
19316,96.0,1.1443475802060927,0.06494379513388228,,2.0
19317,95.0,1.1846637026109776,0.08363293473879592,0.11505455927868863,2.0
19318,98.0,1.2509621648451492,0.11368136639973617,0.12401367419559803,2.0
19319,101.0,1.312797702436982,0.11656532198840856,0.1496989542567526,2.0
19320,104.0,1.4564256344127156,0.14351266359458,0.1615588073563674,2.0
19321,102.0,,,0.23451452287144228,2.0
19322,101.0,1.4736643335448245,0.20955441580228312,0.3131220276379081,2.0
19323,102.0,1.527493367064197,0.22220729919859072,0.3850018574101165,2.0
19324,102.0,1.495747079408296,0.2614972026471322,0.4511541205743582,2.0
19325,98.0,1.5565320271517762,0.29204275969066007,0.5025898607470416,2.0
19326,95.0,1.4917906206758604,0.32345791026077936,0.5801840738465501,2.0
19327,93.0,1.4509843042663788,0.32761657229379276,0.6508496179179938,
19328,85.0,1.444405542294954,,0.7164228936144873,3.0
19329,79.0,1.449422506467802,0.31747478859637424,0.7986419390797374,4.0
19330,72.0,1.4626801770818363,0.28820045109982617,0.8433170664404314,4.0
19331,69.0,1.4441778221811208,,0.8125544123241363,5.0
19332,68.0,,0.19209459769693918,0.7743947770289932,5.0
19333,66.0,1.3682362840611664,0.17827881634175,0.7427205207105428,5.0
19334,68.0,1.2769186295641786,0.14941663332549582,0.7233857187579111,5.0
19335,68.0,1.2559537579400806,0.1382435268250142,0.6644924704726669,5.0
19336,72.0,1.2904368770508128,0.12884891052381375,0.610671539901518,5.0
19337,73.0,1.2811473565454659,,0.6087067193272009,5.0
19338,72.0,1.342480290974585,0.08137086432115762,0.5264889389720552,5.0
19339,79.0,1.3275694853636126,0.07395857326143346,0.4646146318338355,5.0
19340,83.0,1.3395166535039036,0.08920132167381592,0.4108661244203196,5.0
19341,82.0,1.3394939101194623,0.08318907453163785,0.4116093777162952,5.0
19342,90.0,1.4232031815896624,0.08301200422393169,0.3670444690397064,4.0
19343,95.0,1.3700358099841738,0.10299139405628491,0.361695184216933,4.0
19344,99.0,1.3105804299670611,0.1181960805925088,0.3549069905681677,4.0
19345,104.0,1.3841691661573514,0.15381891429027075,0.3303196536537858,4.0
19346,106.0,1.4175432878476366,0.19685746367673065,0.40385522693719056,4.0
19347,106.0,1.331242267570413,0.23062453127096694,0.4485065445942937,4.0
19348,108.0,1.2773137004116242,0.2602346830051004,0.5262886441163216,4.0
19349,106.0,1.2578045200797456,0.28910275635386423,0.5693040791412244,4.0
19350,106.0,1.3013275463040905,0.3107509494777956,0.6026616531013878,4.0
19351,103.0,1.3033248213857287,0.3456823329358889,0.6515099825665608,4.0
19352,102.0,1.4490898757604649,,0.7098855456899091,4.0
19353,100.0,1.4941647343094668,0.3672465310981695,0.7690658547547079,4.0
19354,99.0,1.6075732543838568,0.36265390896520555,0.866323737919767,4.0
19355,96.0,1.6515378924259805,0.3668132227501564,0.9279363034089096,4.0
19356,96.0,1.5970757555591093,0.3611429771242025,0.9581378796156426,5.0
19357,95.0,1.605155731514996,0.36028401742962013,0.9905764187235389,5.0
19358,91.0,1.6348887817215387,0.3652150517713143,0.9906864853133781,5.0
19359,89.0,1.602673008355259,0.3669207143217266,1.0259817071160524,6.0
19360,84.0,1.5946197693503519,0.3566497800088883,1.0224299491330189,6.0
19361,83.0,1.6015387099212237,0.3377942807081144,1.0271776865632294,6.0
19362,80.0,1.5276076968280325,,1.046965719462562,6.0
19363,79.0,1.5786187790837882,0.3172381424418164,0.9950959811206983,6.0
19364,79.0,1.503631727423982,0.29723865386378406,0.98706759463532,6.0
19365,76.0,1.5530033679360384,,0.996683461413568,6.0
19366,80.0,1.5662972498144356,0.28694430764466006,0.9729722321744417,6.0
19367,81.0,1.5867789936435828,0.2861026014866855,0.957211767351567,6.0
19368,87.0,1.6397269670962085,0.2685197977463415,0.9329615246685262,6.0
19369,90.0,,0.2625209380331864,0.9104270583904076,6.0
19370,90.0,1.7255385705088162,0.28082149036095116,0.8924925784863956,6.0
19371,91.0,1.6293421882731667,0.2855745964331059,0.8511271916944819,6.0
19372,94.0,1.5934946354048796,0.28285122141848973,0.8626108902243573,6.0
19373,94.0,1.6601498097931264,0.28570771309097287,0.8545085270564853,6.0
19374,98.0,1.5586302831653114,0.3014026093636466,0.8648717351111099,6.0
19375,97.0,1.6380221193719289,0.31306653048638156,0.8786834981387778,6.0
19376,99.0,1.6901194309770184,0.3477564083196749,0.896427401187038,6.0
19377,100.0,1.7161288762837295,0.36251959744090384,0.88144394435426,6.0
19378,102.0,1.7831952696741336,0.3864730350421659,0.929147642802081,6.0
19379,105.0,1.8614139669889718,0.40440947405449407,0.9763592162154995,6.0
19380,107.0,1.847805787918499,0.4370752594306945,1.0010900745907758,6.0
19381,106.0,,0.45476299296364875,1.0809183699805465,6.0
19382,108.0,1.9296175685119508,0.4892545273040969,1.169040455968033,6.0
19383,104.0,1.8754203327030845,0.5011485728818251,1.1817759641043972,7.0
19384,98.0,1.8675980807984436,0.5041930821554523,1.2600132199792158,7.0
19385,93.0,1.886553810130949,0.4924644161157581,1.2937783107703342,7.0
19386,91.0,1.8851356059752609,0.4696692284270815,1.300878383793288,8.0
19387,91.0,1.971092250344622,0.48409533922387493,1.3051457948358562,8.0
19388,88.0,1.9105569301847887,0.4663631574468441,1.3343278704168489,8.0
19389,87.0,1.907587599551905,,1.3242402398500028,8.0
19390,86.0,1.8207501008869051,0.45339116228035053,1.294904321247069,8.0
19391,90.0,1.771052290637342,0.43602394434341074,1.3453796440120278,8.0
19392,87.0,1.7803613324765357,0.43147367000130993,1.347442888883422,9.0
19393,85.0,1.7091666531249252,0.4146884810097558,1.3374813760468147,9.0
19394,87.0,1.788662052642441,0.40350870640877573,1.3129444802638,9.0
19395,87.0,1.7311072541605117,0.4157816565531639,1.3311280030105925,9.0
19396,84.0,1.7771963736988656,0.4175846935449362,1.298251561719184,9.0
19397,82.0,1.78800667616985,0.4118083942359774,,9.0
19398,81.0,1.7353374684371417,0.4027779256997382,1.2421382374040877,9.0
19399,84.0,1.7501272133548798,0.3856175239844321,1.2207981603424498,9.0
19400,87.0,1.717730583695986,0.3607969625466175,1.2441205313183554,9.0
19401,89.0,1.7869398747439615,0.39203973567854017,1.1868848735848774,9.0
19402,89.0,1.7743000997880767,0.38274183814293716,1.1622186409190145,9.0
19403,92.0,1.8431065301126888,0.3817466866826196,1.1678687150790028,9.0
19404,94.0,1.8742178766956314,,1.1561831753845073,9.0
19405,100.0,1.785779034896765,0.3983220390299809,1.1363505898007387,9.0
19406,102.0,1.7562422419785453,0.40117909381715733,1.1992837544456931,9.0
19407,100.0,1.8118743559862276,0.410439987665326,1.2087815141308555,9.0
19408,101.0,1.7833291783876393,0.42396314705688615,1.1906678591938282,9.0
19409,106.0,1.7883118439979346,0.44509836076695863,1.2118617865419963,9.0
19410,105.0,1.85577277003455,0.4777035129227145,1.2273512604474692,9.0
19411,102.0,1.8677004695137003,0.502754043674504,1.2945028635568467,9.0
19412,104.0,1.9526198473501863,0.49312446715974395,1.3552170635326268,9.0
19413,102.0,1.9027862803285334,0.5201022921913366,1.35074883619985,9.0
19414,102.0,1.8367272634829788,0.5291209270579437,1.4287822266314214,9.0
19415,102.0,1.921162043144474,0.5366315986359241,1.4704760014352678,9.0
19416,102.0,1.9593621896780624,0.5378187027779027,1.496809874331909,9.0
19417,103.0,1.9070334299304967,0.5453022761043779,1.5583792305133226,9.0
19418,97.0,1.913076309619469,0.5556930270287151,1.5939294734073435,10.0
19419,92.0,1.8462032968562447,0.5661104546284541,,10.0
19420,90.0,1.823251087366156,0.5388618152370579,1.6639054444939045,10.0
19421,87.0,1.85786391192127,0.5342966180270026,1.6733592078684514,10.0
19422,87.0,1.8415756332377333,0.5247931901363632,1.6487175558781704,10.0
19423,88.0,1.8794446928190875,0.49028433049615694,1.6481448717821332,10.0
19424,91.0,,0.49571838884230546,1.639755568675825,10.0
19425,89.0,1.9151446943455352,0.490305608207903,1.62669182990961,10.0
19426,89.0,1.9252559914822553,0.48187842354963284,1.5784581706832288,10.0
19427,92.0,2.017576829223419,0.45869333823713887,1.5407580152194955,10.0
19428,94.0,2.0164192058873622,0.46445603683193504,1.4852771392667967,10.0
19429,98.0,1.9311496456155732,0.46418423182246915,1.4769136800943157,10.0
19430,97.0,1.992507978381285,0.4569860980253064,1.4413940583052944,
19431,100.0,2.0264678344915366,0.4624237781514657,1.4365228503317387,10.0
19432,99.0,1.9941133586241748,0.47709713219389427,1.4248150571284095,10.0
19433,101.0,2.047719413425788,0.491700741308247,1.4471113058501328,10.0
19434,104.0,1.9633369229994262,0.5027585826125842,1.4521618030569794,10.0
19435,105.0,2.0590476147202614,0.5233582091002558,1.4491585274741445,10.0
19436,101.0,2.0206127867735413,0.5364499428659089,1.4692264075659256,10.0
19437,103.0,2.098209074944523,0.5355553798329303,1.4698095080268934,10.0
19438,103.0,2.1693219663877037,0.5574531335734287,1.538377734356021,10.0
19439,102.0,2.1853477982425673,0.5837221704911766,1.5495865611236719,10.0
19440,103.0,2.077155991725805,0.5952911714735115,1.552179977114623,10.0
19441,103.0,2.0662336823455667,0.6193478927798033,1.5697086665874354,10.0
19442,98.0,1.9932148564487928,0.6510080569625952,1.6261007632277509,10.0
19443,97.0,2.0028338674422956,0.6414296282358999,1.6935383553305514,10.0
19444,95.0,1.998946687409339,0.613522040263174,1.7367012312929886,10.0
19445,95.0,,0.6062718404082947,1.7837557088227873,10.0
19446,94.0,1.9552541518725222,0.6145589454857711,1.7834646190392422,10.0
19447,94.0,1.9436984385141889,0.5943461803520795,1.7859502655087807,11.0
19448,93.0,1.8545844387773516,0.5844533220618016,1.7978659925113534,11.0
19449,89.0,1.867282469239919,0.5693000085970826,1.8008113781864308,
19450,90.0,1.9030999237636028,0.5453631988824056,1.7700055646670079,11.0
19451,89.0,1.7433466057684444,,1.7439078073470542,11.0
19452,86.0,1.78935456494237,0.5248850690358595,1.6642152036495659,11.0
19453,85.0,1.8374092316591457,0.5124879368873676,1.6287692626287826,11.0
19454,84.0,1.7394433989887492,0.505538839403683,1.5950072729751221,11.0
19455,83.0,1.7730919270042251,0.4825955533247562,1.590290460516451,11.0
19456,84.0,1.7838084043723508,0.4810076287289944,1.5595134496397394,11.0
19457,88.0,1.7762209121399901,0.45995387374612107,1.5328469427086107,11.0
19458,87.0,1.8146842382039532,0.4611158905231263,1.4829540836619675,11.0
19459,89.0,1.8483676251087569,0.4463552447651381,1.477628259984134,11.0
19460,87.0,1.8995611057673363,0.4200177212914809,1.4923483809929943,11.0
19461,92.0,1.9204821729098867,0.41583721701508436,1.4442514499778343,11.0
